tem,pre,sm,elev,npp,X,Y
-6.579352855682373,158,60.900001525878906,5436,45.70000076293945,83.94756330096928,30.587635424269703
-7.6687774658203125,49,1.2000000476837158,5130,19.200000762939453,82.60009037479,34.899548788043404
-6.989037990570068,242,44.5,4841,36.29999923706055,91.85273780122108,35.708032543750974
-7.166712284088135,176,10.800000190734863,5314,21.899999618530273,86.28318303968004,34.27072808915974
-7.407644748687744,207,76.4000015258789,5436,35.599998474121094,82.4204273179661,30.85713000950556
-6.675215244293213,131,3.5999999046325684,5130,23.600000381469727,85.92385692603223,34.98938031645536
-2.239811420440674,211,2.4000000953674316,4827,40.099998474121094,86.91200373856371,33.46224433345217
-6.15501594543457,94,4.800000190734863,5224,30.5,84.39672094302905,34.001233503923885
-7.946513652801514,240,58.70000076293945,4927,31,89.42728653409837,36.157190185810734
-9.084169387817383,328,110.19999694824219,5226,35.900001525878906,89.69678111933422,34.5402226743956
-4.220617294311523,86,12.600000381469727,5465,43.29999923706055,81.34244897702267,32.294434464096796
-6.97379207611084,126,3.5999999046325684,5089,25.799999237060547,85.65436234079638,34.899548788043404
-4.819728851318359,194,1.2000000476837158,5029,32.099998474121094,86.91200373856371,34.001233503923885
-9.434663772583008,92,13.199999809265137,5597,32.400001525878906,84.03739482938124,34.001233503923885
-5.979790687561035,174,45.29999923706055,5360,26.700000762939453,81.43228050543462,31.485950708389225
-3.5114502906799316,77,1.2000000476837158,4944,34.20000076293945,83.94756330096928,33.73173891868803
-9.867714881896973,338,151.8000030517578,5356,27,90.23577028980594,34.27072808915974
-5.400815963745117,91,1.2000000476837158,5077,26.399999618530273,84.57638399985295,34.18089656074779
-5.526582717895508,121,2.4000000953674316,5281,35.400001525878906,85.65436234079638,33.192749748216315
-7.088775634765625,277,88.19999694824219,5399,37.29999923706055,88.07981360791908,33.641907390276074
-8.10230541229248,268,103.5,5066,25.600000381469727,91.0442540455135,35.708032543750974
-3.0076005458831787,124,12.5,4846,36.70000076293945,81.52211203384658,31.845276822037032
-7.5661139488220215,78,6,5233,36.5,83.40857413049757,33.552075861864125
-7.322660446166992,265,29.5,4987,32.29999923706055,90.32560181821789,35.528369486927076
-6.151828765869141,248,27,5099,34.79999923706055,88.25947666474299,34.27072808915974
-0.6658602952957153,72,1.2000000476837158,4522,23.799999237060547,84.21705788620514,33.37241280504022
-7.26777458190918,57,2.4000000953674316,5368,36,82.2407642611422,33.37241280504022
-6.25595235824585,235,25.200000762939453,5051,39.79999923706055,88.34930819315494,34.809717259631455
-8.256250381469727,167,23,4953,24.799999237060547,87.98998207950713,36.6063478278705
-3.772040367126465,300,118.19999694824219,4935,39.900001525878906,81.97126967590634,30.767298481093604
-6.016210556030273,132,55.70000076293945,5415,34.900001525878906,83.94756330096928,30.767298481093604
-5.919528961181641,173,24.200000762939453,5247,30.899999618530273,82.15093273273024,31.216456123153367
-6.478468894958496,119,18.799999237060547,5496,31.100000381469727,82.15093273273024,31.575782236801174
-9.760477066040039,363,183,5420,25.899999618530273,90.41543334662984,34.091065032335834
-4.2748847007751465,246,12.600000381469727,5181,39.20000076293945,87.45099290903542,33.641907390276074
-7.221266746520996,237,29.5,5198,29.899999618530273,88.43913972156689,35.618201015339025
-9.88835620880127,166,236.89999389648438,5807,21.299999237060547,82.51025884637805,31.036793066329466
-3.369159460067749,228,28.899999618530273,4500,38.099998474121094,93.73919989787207,35.43853795851512
-5.868037223815918,227,14,5047,30.5,87.98998207950713,34.809717259631455
-8.49525260925293,186,25.200000762939453,5318,19.399999618530273,86.37301456809199,34.5402226743956
-4.500434398651123,173,1.2000000476837158,4933,31.799999237060547,86.46284609650394,33.911401975511936
-4.773698806762695,64,6,5253,41,80.89329133496291,32.56392904933265
-5.176000595092773,212,16.200000762939453,4898,34.599998474121094,87.98998207950713,35.07921184486731
-5.971611022949219,61,2.4000000953674316,5181,31.700000762939453,82.68992190320196,33.73173891868803
-4.164460182189941,74,1.2000000476837158,4996,17.799999237060547,83.85773177255733,34.27072808915974
-6.525132179260254,62,2.4000000953674316,5239,31.5,82.60009037479,33.73173891868803
-2.5559840202331543,102,1.2000000476837158,4811,34.29999923706055,85.11537317032466,33.102918219804366
-3.3240954875946045,183,43,4926,22.899999618530273,81.25261744861072,31.575782236801174
-6.505860805511475,202,12.100000381469727,4933,23,87.98998207950713,35.528369486927076
-4.067648887634277,126,15.600000381469727,5076,39.70000076293945,81.43228050543462,31.845276822037032
-7.33306360244751,197,140.3000030517578,5481,34.29999923706055,82.51025884637805,30.85713000950556
-8.78512191772461,137,7.199999809265137,5259,23.5,85.65436234079638,34.719885731219506
-2.3014628887176514,56,2.4000000953674316,4762,40.79999923706055,81.34244897702267,32.653760577744606
-4.840664863586426,152,2.4000000953674316,5054,23.100000381469727,86.01368845444418,34.091065032335834
-9.512481689453125,173,236,5783,32.400001525878906,82.60009037479,30.94696153791751
-3.6149566173553467,74,2.4000000953674316,4877,23.899999618530273,83.85773177255733,33.82157044709998
-3.6338791847229004,132,16.799999237060547,5122,32.70000076293945,81.16278592019877,31.935108350448985
-7.395613193511963,284,31.299999237060547,5088,25.299999237060547,89.33745500568641,35.528369486927076
-7.02069091796875,231,10.100000381469727,4911,29.799999237060547,88.9781288920386,36.067358657398785
-1.704796314239502,69,1.2000000476837158,4681,34.599998474121094,83.94756330096928,33.46224433345217
-7.184479713439941,290,25.600000381469727,5070,45.70000076293945,89.42728653409837,34.899548788043404
-4.650895118713379,204,3.5999999046325684,4799,32.099998474121094,87.72048749427128,34.98938031645536
-1.6633517742156982,72,1.2000000476837158,4710,43.20000076293945,83.85773177255733,33.102918219804366
-5.1879191398620605,212,8.399999618530273,4987,30.899999618530273,87.36116138062347,34.809717259631455
-7.6800336837768555,252,28.100000381469727,5268,34.79999923706055,88.16964513633104,34.091065032335834
-2.2516252994537354,113,9.100000381469727,4827,33.599998474121094,81.16278592019877,32.11477140727289
-8.563873291015625,273,208.60000610351563,5069,25.799999237060547,91.13408557392546,35.79786407216293
-6.874011516571045,178,10.800000190734863,5021,25.299999237060547,86.46284609650394,34.63005420280755
-3.8098883628845215,148,1.2000000476837158,4907,33.70000076293945,86.10351998285614,33.82157044709998
-6.600010871887207,75,1.2000000476837158,5224,21.799999237060547,83.31874260208562,34.63005420280755
-5.5139546394348145,166,4.800000190734863,5069,30.600000381469727,86.46284609650394,34.809717259631455
-8.064826965332031,226,63.599998474121094,4910,33.20000076293945,91.67307474439717,36.157190185810734
-10.043292999267578,382,1228.300048828125,5354,27.600000381469727,89.15779194886251,33.73173891868803
-8.364945411682129,298,127.0999984741211,5092,24.200000762939453,91.22391710233741,34.899548788043404
-5.3632402420043945,206,13.800000190734863,4879,35.79999923706055,88.07981360791908,35.07921184486731
-7.388448715209961,342,321.6000061035156,5425,23.299999237060547,82.06110120431829,30.587635424269703
-5.318212032318115,214,48.29999923706055,5315,29.100000381469727,82.33059578955415,30.94696153791751
-7.67539644241333,79,5.599999904632568,5590,32.099998474121094,83.13907954526172,32.11477140727289
-2.9612231254577637,84,3.5999999046325684,5011,41.79999923706055,82.15093273273024,32.11477140727289
-6.211395740509033,149,23,5421,29.100000381469727,82.06110120431829,31.396119179977273
-7.080630302429199,144,6,5173,38.099998474121094,85.92385692603223,34.809717259631455
-4.868652820587158,196,6.699999809265137,5006,32.70000076293945,86.91200373856371,34.091065032335834
-6.406935691833496,200,8,4713,20.600000381469727,89.42728653409837,36.33685324263464
-5.867524147033691,247,27.600000381469727,5003,40.099998474121094,88.6188027783908,34.360559617571695
-3.841202735900879,91,1.2000000476837158,5132,42.900001525878906,84.57638399985295,33.192749748216315
-1.7008436918258667,125,1.2000000476837158,4681,29.399999618530273,85.74419386920833,33.641907390276074
-7.920388221740723,264,55.400001525878906,5011,24.600000381469727,90.77475946027765,35.708032543750974
-6.902477264404297,239,49.29999923706055,4849,34.599998474121094,89.78661264774618,36.157190185810734
-7.090141773223877,335,89.19999694824219,5141,30.600000381469727,89.96627570457008,34.27072808915974
-5.282382965087891,205,10.800000190734863,4957,21.799999237060547,87.18149832379956,34.5402226743956
-4.615085124969482,70,2.4000000953674316,5006,25.899999618530273,83.22891107367367,34.001233503923885
-2.328784227371216,71,1.2000000476837158,4797,39.099998474121094,84.03739482938124,32.92325516298046
-8.538623809814453,145,9.600000381469727,5237,18.600000381469727,85.74419386920833,34.5402226743956
-4.836567401885986,180,13.899999618530273,4830,31.5,87.00183526697566,34.98938031645536
-5.805421829223633,232,144.5,5270,34,82.51025884637805,30.677466952681655
-8.019919395446777,133,8.399999618530273,5242,25.5,85.11537317032466,34.899548788043404
-6.222878932952881,195,22.399999618530273,5266,33.20000076293945,86.7323406817398,34.091065032335834
-4.293925762176514,194,2.4000000953674316,4972,31.399999618530273,86.82217221015175,34.001233503923885
-3.120689868927002,83,1.2000000476837158,4907,24.799999237060547,84.486552471441,33.911401975511936
-7.506404399871826,165,17.5,4796,25.899999618530273,88.16964513633104,36.6063478278705
-7.792494773864746,263,57.900001525878906,5051,27.600000381469727,90.8645909886896,35.708032543750974
-5.87314510345459,75,3.5999999046325684,5264,31.200000762939453,83.40857413049757,33.82157044709998
-2.4654181003570557,150,1.2000000476837158,4890,40.20000076293945,86.19335151126809,32.92325516298046
-5.456788063049316,254,22.799999237060547,5040,34.900001525878906,88.34930819315494,34.091065032335834
-2.87448787689209,88,1.2000000476837158,4830,26.200000762939453,84.57638399985295,33.82157044709998
-5.306239604949951,240,20.600000381469727,5016,33.900001525878906,88.25947666474299,34.450391145983644
-3.0180680751800537,103,6,5093,41.79999923706055,81.97126967590634,31.845276822037032
-4.715665340423584,231,19.299999237060547,4942,35.099998474121094,88.43913972156689,34.5402226743956
-5.065012454986572,109,1.2000000476837158,5326,36.400001525878906,85.20520469873662,33.192749748216315
-3.182255506515503,227,26.399999618530273,4476,38.599998474121094,93.64936836946012,35.43853795851512
-4.5264387130737305,97,4.800000190734863,5069,38.79999923706055,82.51025884637805,31.75544529362508
-5.625809669494629,252,10.199999809265137,4865,33.900001525878906,90.23577028980594,35.34870643010317
-4.940986156463623,116,22.899999618530273,5257,29,82.15093273273024,31.66561376521313
-7.37520170211792,254,33.70000076293945,4913,23.200000762939453,90.95442251710155,35.618201015339025
-5.594905376434326,73,2.4000000953674316,5098,29.600000381469727,83.85773177255733,34.091065032335834
-4.700690269470215,111,1.2000000476837158,5038,30.899999618530273,84.93571011350076,33.82157044709998
-3.698908567428589,80,1.2000000476837158,4815,37.400001525878906,84.12722635779319,33.641907390276074
-8.277364730834961,135,4.800000190734863,5244,27.5,85.38486775556052,34.809717259631455
-10.777884483337402,305,388.79998779296875,5440,23.299999237060547,90.77475946027765,35.88769560057488
-6.450565814971924,263,10.899999618530273,4971,31.700000762939453,89.06796042045056,35.528369486927076
-8.0901517868042,253,42.29999923706055,4929,28.200000762939453,90.50526487504179,35.977527128986836
-5.96794319152832,258,25.200000762939453,5015,39.70000076293945,88.43913972156689,34.001233503923885
-5.07681131362915,136,15.800000190734863,4782,35.900001525878906,88.25947666474299,36.875842413106355
-8.073241233825684,211,24.200000762939453,5168,24.700000762939453,88.07981360791908,35.618201015339025
-5.594883441925049,252,16.200000762939453,5401,39.70000076293945,87.45099290903542,33.37241280504022
-2.6679701805114746,112,3.5999999046325684,4991,29.399999618530273,82.4204273179661,31.66561376521313
-5.11159086227417,117,4.800000190734863,4611,32,87.98998207950713,36.965673941518304
-5.5185441970825195,215,9.600000381469727,4947,33.29999923706055,87.45099290903542,34.450391145983644
-6.412785053253174,124,4.400000095367432,4743,24.299999237060547,87.45099290903542,36.786010884694406
-8.081212997436523,76,6,5463,35.79999923706055,83.40857413049757,33.46224433345217
-6.316776275634766,209,12.699999809265137,5091,33.099998474121094,87.27132985221152,34.27072808915974
-8.179471015930176,504,357.3999938964844,5301,34.599998474121094,90.8645909886896,33.282581276628264
-2.0117340087890625,81,1.2000000476837158,4811,46.20000076293945,84.486552471441,33.102918219804366
-5.047916412353516,192,4.800000190734863,4952,31.399999618530273,87.18149832379956,34.899548788043404
-8.248624801635742,255,68.4000015258789,4949,27.399999618530273,89.69678111933422,35.977527128986836
-6.830930233001709,154,50.400001525878906,5459,22.899999618530273,81.52211203384658,31.575782236801174
-5.9016265869140625,139,4.800000190734863,4868,18.5,86.91200373856371,35.88769560057488
-6.8192057609558105,244,15.100000381469727,5209,25.700000762939453,87.90015055109518,34.18089656074779
-7.367079734802246,252,29.299999237060547,4896,28.5,90.05610723298203,35.79786407216293
-4.575322151184082,112,2.4000000953674316,5036,34.400001525878906,85.29503622714857,34.18089656074779
-7.825621604919434,125,2.4000000953674316,5175,21.299999237060547,85.11537317032466,34.719885731219506
-4.707492828369141,232,10.300000190734863,4987,43.79999923706055,87.18149832379956,33.552075861864125
-2.9629933834075928,108,1.2000000476837158,4969,33.099998474121094,85.47469928397247,33.102918219804366
-10.607975006103516,263,571.20001220703125,5406,27.799999237060547,88.52897124997884,35.258874901691215
-7.9197893142700195,269,123.4000015258789,5027,27.200000762939453,91.22391710233741,35.79786407216293
-4.568726539611816,248,12.699999809265137,4905,34.29999923706055,87.54082443744737,33.552075861864125
-9.239055633544922,541,289.20001220703125,5482,26.799999237060547,91.0442540455135,33.192749748216315
-5.713675022125244,145,3.5999999046325684,4973,25.200000762939453,86.10351998285614,34.809717259631455
-8.243345260620117,180,9.600000381469727,5305,22.799999237060547,86.46284609650394,34.27072808915974
-5.6198811531066895,227,12,4964,32.599998474121094,87.98998207950713,34.63005420280755
-5.698357582092285,74,2.4000000953674316,5206,28.799999237060547,83.22891107367367,33.82157044709998
-8.46543025970459,253,95.5,5072,38.599998474121094,89.78661264774618,36.067358657398785
-4.456337928771973,231,20.600000381469727,4846,29.899999618530273,88.52897124997884,34.63005420280755
-4.137407302856445,104,1.2000000476837158,5030,31.5,84.84587858508881,33.82157044709998
-4.867014408111572,121,13.800000190734863,5337,34.400001525878906,83.13907954526172,31.126624594741415
-6.125668525695801,318,79.30000305175781,5113,41.29999923706055,88.7984658352147,33.73173891868803
-6.6898298263549805,214,10.300000190734863,4972,31.5,88.16964513633104,35.34870643010317
-4.74654483795166,229,16.899999618530273,4857,31.899999618530273,88.34930819315494,34.63005420280755
-6.820267677307129,227,13.899999618530273,5174,31.200000762939453,87.45099290903542,34.091065032335834
-4.080380439758301,108,1.2000000476837158,5039,31.299999237060547,84.84587858508881,33.46224433345217
-6.023834705352783,183,3.5999999046325684,5060,22.100000381469727,86.64250915332785,34.63005420280755
-5.967718601226807,196,9.600000381469727,5145,34.099998474121094,86.82217221015175,34.091065032335834
-2.8150789737701416,113,12,4922,38.20000076293945,81.34244897702267,32.024939878860934
-3.286191463470459,96,1.2000000476837158,4914,39.599998474121094,84.84587858508881,33.01308669139241
-3.7252509593963623,206,1.2000000476837158,4891,30.200000762939453,87.09166679538761,34.001233503923885
-5.193713188171387,147,8.399999618530273,4589,32.29999923706055,88.6188027783908,36.786010884694406
-3.046783924102783,131,12.600000381469727,5052,34.20000076293945,82.95941648843781,31.126624594741415
-4.1628193855285645,145,20.600000381469727,5154,31,81.79160661908243,31.575782236801174
-5.849742412567139,60,2.4000000953674316,5148,29.200000762939453,82.77975343161391,33.73173891868803
-3.24532151222229,61,1.2000000476837158,4900,32,82.95941648843781,33.282581276628264
-2.5184574127197266,234,6,4891,43.70000076293945,87.27132985221152,33.37241280504022
-1.8390413522720337,74,1.2000000476837158,4644,36.29999923706055,84.12722635779319,33.46224433345217
-4.1123366355896,122,12.600000381469727,5286,34.5,83.04924801684976,31.126624594741415
-7.649796962738037,129,3.5999999046325684,5110,30.100000381469727,85.38486775556052,34.899548788043404
-5.492147922515869,163,3.5999999046325684,4945,18.299999237060547,86.46284609650394,34.719885731219506
-2.823091745376587,150,1.2000000476837158,4834,30.600000381469727,86.10351998285614,33.73173891868803
-4.456375598907471,150,4.800000190734863,4851,27,86.64250915332785,34.98938031645536
-4.320837020874023,230,11.399999618530273,5064,44.20000076293945,87.09166679538761,33.552075861864125
-6.003773212432861,146,14.600000381469727,4692,32,88.34930819315494,36.786010884694406
-7.3466081619262695,62,2.4000000953674316,5313,34.70000076293945,82.68992190320196,33.82157044709998
-3.173872470855713,127,1.2000000476837158,5020,37.70000076293945,85.74419386920833,32.92325516298046
-5.267146587371826,241,26.399999618530273,4971,30.899999618530273,88.52897124997884,34.450391145983644
-5.786491394042969,237,24.200000762939453,4981,41.79999923706055,88.52897124997884,34.809717259631455
-5.899734020233154,414,126.4000015258789,5055,31.299999237060547,90.6849279318657,33.552075861864125
-7.33091402053833,127,4.800000190734863,5114,27.299999237060547,85.56453081238442,34.899548788043404
-8.37617301940918,195,44.70000076293945,5391,29.600000381469727,86.7323406817398,34.18089656074779
-6.081280708312988,437,194.8000030517578,5114,26.399999618530273,90.6849279318657,33.46224433345217
-1.3431165218353271,78,1.2000000476837158,4826,45.900001525878906,84.21705788620514,33.192749748216315
-5.6876726150512695,216,10.800000190734863,4943,34.5,87.63065596585932,34.899548788043404
-3.606551170349121,126,1.2000000476837158,4954,36.900001525878906,85.74419386920833,33.01308669139241
-4.1007466316223145,70,2.4000000953674316,4910,25,83.58823718732148,34.001233503923885
-2.270122528076172,87,1.2000000476837158,4729,43.29999923706055,84.6662155282649,33.102918219804366
-4.993417739868164,110,2.4000000953674316,4898,16.200000762939453,85.20520469873662,34.360559617571695
-5.640875339508057,267,6.699999809265137,4835,31,89.24762347727446,35.43853795851512
-4.670129776000977,164,41.79999923706055,5204,22.399999618530273,81.34244897702267,31.575782236801174
-4.6742753982543945,54,1.2000000476837158,5047,32.400001525878906,82.4204273179661,34.001233503923885
-8.008448600769043,335,553.5999755859375,5342,36,89.33745500568641,34.091065032335834
-5.862042427062988,178,2.4000000953674316,5043,22.399999618530273,86.64250915332785,34.360559617571695
-5.290347099304199,167,3.5999999046325684,4962,22,86.5526776249159,34.719885731219506
-6.854979515075684,225,17.399999618530273,5148,33.599998474121094,87.54082443744737,34.809717259631455
-3.412858247756958,123,12.699999809265137,5069,30.899999618530273,81.16278592019877,32.024939878860934
-9.92068862915039,197,504.1000061035156,5684,21,82.68992190320196,30.767298481093604
-2.9043948650360107,137,18.799999237060547,5010,35.099998474121094,81.79160661908243,31.66561376521313
-4.103981971740723,115,2.4000000953674316,4936,34.79999923706055,85.47469928397247,33.82157044709998
-4.8685526847839355,159,4.800000190734863,4876,28.799999237060547,86.5526776249159,34.899548788043404
-7.149654388427734,228,19.799999237060547,5196,24.600000381469727,87.54082443744737,34.63005420280755
-7.729780197143555,136,4.800000190734863,5430,19.600000381469727,85.56453081238442,34.27072808915974
-6.260191917419434,203,6,4919,22.200000762939453,88.07981360791908,35.528369486927076
-4.530760288238525,229,19.399999618530273,4853,34.29999923706055,88.43913972156689,34.63005420280755
-5.1785101890563965,192,6,4989,28,87.00183526697566,34.450391145983644
-6.331081867218018,149,8.899999618530273,5139,31,82.4204273179661,31.216456123153367
-6.452559947967529,12,152.1999969482422,4892,18.299999237060547,79.99497605084339,35.88769560057488
-7.117121696472168,220,8.300000190734863,4959,27.200000762939453,88.43913972156689,35.88769560057488
-6.121885299682617,237,16.200000762939453,5163,30.299999237060547,87.45099290903542,34.001233503923885
-7.34918212890625,265,87.80000305175781,5203,33.400001525878906,87.90015055109518,33.911401975511936
-5.556635856628418,60,4.800000190734863,5288,40.29999923706055,81.07295439178682,32.56392904933265
-7.171363353729248,158,35.70000076293945,4913,27.100000381469727,88.07981360791908,36.69617935628245
-4.828997611999512,228,11.600000381469727,4909,29.399999618530273,88.25947666474299,34.719885731219506
-6.320440769195557,164,4.800000190734863,5182,26,86.19335151126809,34.719885731219506
-5.1604132652282715,139,2.4000000953674316,4943,23.799999237060547,86.19335151126809,34.899548788043404
-4.411121845245361,107,1.2000000476837158,4922,28.5,84.93571011350076,33.911401975511936
-4.210714817047119,193,2.4000000953674316,5085,34.79999923706055,86.7323406817398,34.001233503923885
-7.8277201652526855,162,62.29999923706055,5622,29.200000762939453,82.77975343161391,30.94696153791751
-5.822862148284912,145,39.79999923706055,4838,42,88.43913972156689,36.875842413106355
-4.015716552734375,88,1.2000000476837158,5054,29.899999618530273,84.57638399985295,33.911401975511936
-7.978046417236328,234,29.600000381469727,5030,42.099998474121094,88.52897124997884,35.34870643010317
-6.797411918640137,241,12.600000381469727,5093,33,87.98998207950713,34.27072808915974
-7.6371660232543945,279,219.8000030517578,5384,30.399999618530273,88.07981360791908,33.73173891868803
-3.7720701694488525,200,1.2000000476837158,4963,39.29999923706055,86.82217221015175,33.82157044709998
-5.345136642456055,260,4.800000190734863,4826,28.899999618530273,89.15779194886251,35.43853795851512
-4.6855316162109375,112,1.2000000476837158,5047,34.400001525878906,85.20520469873662,33.641907390276074
-5.3249735832214355,187,15.100000381469727,4843,34,87.09166679538761,34.98938031645536
-9.8768463134765625,364,206.8000030517578,5419,32.099998474121094,90.23577028980594,34.18089656074779
-5.971935272216797,277,32,4920,33.900001525878906,90.77475946027765,34.719885731219506
-8.099408149719238,296,83.30000305175781,5121,23.700000762939453,91.0442540455135,34.98938031645536
-4.395971298217773,235,11.5,5073,46.400001525878906,87.27132985221152,33.552075861864125
-8.717726707458496,264,77.30000305175781,5067,25.899999618530273,89.96627570457008,35.88769560057488
-1.5919917821884155,69,1.2000000476837158,4596,45.599998474121094,83.76790024414538,32.92325516298046
-7.709591865539551,93,1.2000000476837158,5465,20.399999618530273,84.39672094302905,34.360559617571695
-5.80118989944458,255,12,4858,35.70000076293945,90.6849279318657,35.258874901691215
-2.99684476852417,96,1.2000000476837158,4910,37.599998474121094,84.93571011350076,33.01308669139241
-6.481176376342773,243,115.4000015258789,4787,32.900001525878906,91.76290627280912,36.067358657398785
-1.7743558883666992,65,1.2000000476837158,4669,29.299999237060547,83.76790024414538,33.37241280504022
-2.839568853378296,77,1.2000000476837158,4993,43.79999923706055,82.95941648843781,32.024939878860934
-0.5218239426612854,97,3.5999999046325684,4635,32.79999923706055,82.15093273273024,31.935108350448985
-7.130336761474609,261,13.800000190734863,5076,29.700000762939453,88.9781288920386,35.528369486927076
-3.1317410469055176,103,1.2000000476837158,4905,39.599998474121094,85.02554164191271,33.01308669139241
-3.982822895050049,188,1.2000000476837158,5100,39.900001525878906,86.64250915332785,33.73173891868803
-1.8009185791015625,79,3.5999999046325684,4838,39.400001525878906,82.06110120431829,32.20460293568484
-2.383225202560425,331,94.69999694824219,4821,35.599998474121094,82.2407642611422,30.587635424269703
-5.61073637008667,210,13.800000190734863,5016,24.899999618530273,87.27132985221152,34.5402226743956
-9.65627384185791,45,1.2000000476837158,5423,32.400001525878906,81.97126967590634,34.360559617571695
-7.246072769165039,235,13.399999618530273,5088,29.799999237060547,88.52897124997884,35.618201015339025
-7.104369163513184,136,4.800000190734863,5080,24.700000762939453,86.19335151126809,35.708032543750974
-7.741611957550049,199,26.600000381469727,5104,31.700000762939453,87.90015055109518,35.43853795851512
-7.031825542449951,169,41.900001525878906,5579,27.5,81.52211203384658,31.485950708389225
-5.315201759338379,108,2.4000000953674316,5112,33.900001525878906,85.20520469873662,34.091065032335834
-9.237286567687988,261,136.60000610351563,5314,27,88.6188027783908,35.708032543750974
-2.917160749435425,141,17.399999618530273,4911,29,81.07295439178682,31.935108350448985
-6.774807929992676,227,34.20000076293945,4963,28.700000762939453,89.42728653409837,36.24702171422269
-8.945085525512695,41,1.2000000476837158,5230,28.5,81.88143814749439,34.360559617571695
-5.046415328979492,143,2.4000000953674316,4925,24.5,86.28318303968004,34.899548788043404
-1.5795941352844238,77,1.2000000476837158,4644,39.900001525878906,84.30688941461709,33.282581276628264
-6.947751045227051,265,19.200000762939453,5220,25.799999237060547,87.90015055109518,33.73173891868803
-6.481587886810303,343,217.8000030517578,5658,33.20000076293945,83.76790024414538,29.419825554914325
-4.52982234954834,147,1.2000000476837158,4993,26.600000381469727,86.01368845444418,34.001233503923885
-2.2687971591949463,227,1.2000000476837158,4826,40,87.18149832379956,33.37241280504022
-4.793399333953857,150,13.899999618530273,4808,22.100000381469727,86.82217221015175,35.169043373279266
-4.404409885406494,87,4.800000190734863,5118,39.599998474121094,81.61194356225853,32.20460293568484
-4.9259161949157715,234,13.800000190734863,4912,27.899999618530273,88.16964513633104,34.450391145983644
-8.401938438415527,155,69.19999694824219,5592,32.400001525878906,82.86958496002586,30.94696153791751
-5.554725646972656,182,3.5999999046325684,5009,28.299999237060547,86.7323406817398,34.719885731219506
-8.010951042175293,27,1.2000000476837158,5097,15.5,81.07295439178682,34.98938031645536
-0.761221706867218,68,1.2000000476837158,4601,43.20000076293945,83.85773177255733,33.01308669139241
-7.915125846862793,86,7.199999809265137,5382,28.200000762939453,84.12722635779319,34.091065032335834
-5.2375335693359375,189,13.899999618530273,4921,35.29999923706055,87.18149832379956,34.98938031645536
-9.01431941986084,269,153.1999969482422,5051,30.200000762939453,91.40358015916131,35.79786407216293
-4.853663444519043,231,8.399999618530273,4878,25.700000762939453,87.98998207950713,34.360559617571695
-8.36173152923584,91,9.600000381469727,5441,28.899999618530273,84.12722635779319,34.001233503923885
-6.609081268310547,274,59.79999923706055,4991,30.899999618530273,91.49341168757326,34.899548788043404
-5.721658706665039,186,3.5999999046325684,4999,15.899999618530273,86.82217221015175,34.719885731219506
-6.345566272735596,160,16.299999237060547,4708,32.20000076293945,88.52897124997884,36.69617935628245
-10.611565589904785,166,696.79998779296875,5691,20.5,85.65436234079638,34.360559617571695
-6.509312152862549,252,22.799999237060547,5131,36,88.25947666474299,34.091065032335834
-5.528785705566406,123,3.5999999046325684,5256,21.5,85.47469928397247,34.27072808915974
-2.94268536567688,225,1.2000000476837158,4879,40.20000076293945,87.09166679538761,33.46224433345217
-8.89791488647461,489,402.70001220703125,5311,29,90.77475946027765,33.37241280504022
-1.928283929824829,89,1.2000000476837158,4806,37.20000076293945,84.57638399985295,33.641907390276074
-6.946569919586182,255,405.79998779296875,5477,40.5,82.33059578955415,30.677466952681655
-6.129899501800537,229,10.300000190734863,5084,31.700000762939453,87.63065596585932,34.27072808915974
-8.0828218460083,143,106,5603,36.70000076293945,83.04924801684976,30.94696153791751
-4.1711015701293945,80,1.2000000476837158,5179,40.70000076293945,82.68992190320196,32.024939878860934
-6.3723859786987305,260,18.600000381469727,4931,38.5,90.8645909886896,35.169043373279266
-6.566536903381348,284,95.19999694824219,5256,37.900001525878906,88.34930819315494,33.73173891868803
-4.916712760925293,158,2.4000000953674316,5060,25.399999618530273,86.10351998285614,34.091065032335834
-2.360377788543701,80,1.2000000476837158,4850,22.200000762939453,84.39672094302905,33.82157044709998
-11.575199127197266,372,1214.699951171875,5580,26.600000381469727,89.06796042045056,33.73173891868803
-7.424802780151367,286,51.5,5064,27.600000381469727,90.95442251710155,34.98938031645536
-9.31466293334961,67,21.100000381469727,5520,36.400001525878906,81.97126967590634,33.641907390276074
-5.485642910003662,269,16.299999237060547,4896,36.5,90.77475946027765,34.63005420280755
-3.359924077987671,79,1.2000000476837158,4853,34,84.03739482938124,33.73173891868803
-1.1104826927185059,452,206.8000030517578,5089,58.79999923706055,87.98998207950713,28.341847213970897
-6.642521381378174,117,10.199999809265137,5463,50.900001525878906,85.38486775556052,31.575782236801174
-5.06710147857666,328,189.60000610351563,5119,64.5,88.43913972156689,33.102918219804366
-6.605727672576904,273,125.80000305175781,4176,53.400001525878906,97.33246103435016,38.223315339285634
-5.450210094451904,211,76.19999694824219,4675,78.80000305175781,93.46970531263621,35.88769560057488
-0.5758865475654602,358,196.3000030517578,4809,67.0999984741211,89.06796042045056,28.162184157146996
-1.5576493740081787,92,1.2000000476837158,5091,53.900001525878906,85.02554164191271,32.294434464096796
-7.874776363372803,209,82.0999984741211,4212,63.20000076293945,96.79347186387844,39.031799094993204
-0.42183366417884827,77,1.2000000476837158,4691,52.400001525878906,84.21705788620514,32.56392904933265
0.8334548473358154,471,58.20000076293945,4558,71.30000305175781,87.18149832379956,28.701173327618704
-0.8412967920303345,136,9.100000381469727,4912,57.70000076293945,86.01368845444418,32.024939878860934
-1.5931777954101563,140,6.699999809265137,4895,61.70000076293945,86.01368845444418,31.845276822037032
-5.687020301818848,191,50.79999923706055,3948,63.400001525878906,96.8833033922904,39.12163062340516
0.8845527172088623,95,1.2000000476837158,4667,57.20000076293945,85.02554164191271,32.024939878860934
-1.2929260730743408,187,6,4842,58.5,86.7323406817398,32.4740975209207
0.3816685974597931,253,13.800000190734863,4708,71.30000305175781,87.09166679538761,32.11477140727289
-0.23847012221813202,521,117.19999694824219,4680,66.0999984741211,89.78661264774618,32.294434464096796
-4.594301223754883,174,10.300000190734863,4650,62.900001525878906,91.58324321598522,36.426684771046595
-0.25222012400627136,508,110.0999984741211,4723,58.599998474121094,89.69678111933422,32.384265992508745
-0.07840393483638763,286,60.099998474121094,4978,61.599998474121094,83.94756330096928,29.779151668562132
1.4233063459396362,486,76.69999694824219,4489,70.19999694824219,87.09166679538761,28.701173327618704
-5.010100841522217,305,41.099998474121094,4954,79.5999984741211,91.31374863074936,34.360559617571695
-4.172056674957275,125,1.2000000476837158,5291,56.20000076293945,85.74419386920833,32.56392904933265
-0.1668349653482437,275,56,4832,78.4000015258789,84.03739482938124,29.958814725386038
1.8362559080123901,241,23,4515,61.099998474121094,86.91200373856371,31.935108350448985
1.3316446542739868,355,61.29999923706055,4583,76.5999984741211,84.486552471441,29.419825554914325
-3.0273752212524414,113,21.799999237060547,5095,59.20000076293945,84.30688941461709,30.94696153791751
-2.508286714553833,430,72.30000305175781,4924,79.4000015258789,89.06796042045056,32.56392904933265
-4.122107028961182,480,829.5999755859375,5055,66.5,90.59509640345374,32.92325516298046
1.4454646110534668,268,19.200000762939453,4576,69.9000015258789,87.09166679538761,32.024939878860934
-7.966821193695068,192,53.599998474121094,4086,71,96.61380880705454,39.031799094993204
-0.9010950922966003,99,1.2000000476837158,4838,60.70000076293945,84.93571011350076,31.935108350448985
-3.9389493465423584,340,124.19999694824219,4983,52.79999923706055,88.88829736362665,33.282581276628264
-5.2713775634765625,103,1.2000000476837158,5207,49.099998474121094,85.11537317032466,32.653760577744606
0.6842909455299377,96,1.2000000476837158,4532,48.79999923706055,85.20520469873662,32.294434464096796
1.3174694776535034,650,199.5,4356,49.79999923706055,87.90015055109518,28.43167874238285
-3.1991143226623535,481,354.20001220703125,4959,55.5,81.07295439178682,30.85713000950556
-0.7917943596839905,518,146.89999389648438,4628,59.5,89.87644417615813,32.4740975209207
-6.220210075378418,240,73.80000305175781,3838,68.4000015258789,97.60195561958601,39.21146215181711
-0.645549476146698,157,9,4817,58.599998474121094,86.19335151126809,31.845276822037032
-7.565359115600586,179,39.900001525878906,3940,65.5,96.61380880705454,39.12163062340516
-6.623367080464959e-4,124,27,4838,73.69999694824219,84.93571011350076,31.126624594741415
-1.8763326406478882,172,3.5999999046325684,4930,58,86.5526776249159,32.4740975209207
-0.8921728730201721,132,36.900001525878906,4895,71,84.6662155282649,30.767298481093604
0.4555785357952118,205,12,4788,56,86.82217221015175,32.20460293568484
-3.9754881858825684,463,387,4993,72.0999984741211,89.96627570457008,32.833423634568504
-2.8131866455078125,221,91,5212,71.4000015258789,85.65436234079638,29.59948861173823
-1.4935989379882813,92,1.2000000476837158,5096,58.099998474121094,84.93571011350076,32.294434464096796
-7.202747821807861,257,18.899999618530273,5119,63.20000076293945,89.96627570457008,35.07921184486731
-5.224376678466797,391,109.5,5047,71.9000015258789,91.49341168757326,33.641907390276074
-0.7615303993225098,339,259.20001220703125,4784,55.099998474121094,88.52897124997884,28.162184157146996
-1.405570149421692,280,85.4000015258789,4990,67.80000305175781,86.10351998285614,29.419825554914325
-1.1212116479873657,325,114.9000015258789,5026,80.69999694824219,88.88829736362665,28.252015685558945
-1.7614933252334595,113,16.200000762939453,5111,63.70000076293945,84.486552471441,31.126624594741415
-7.171149730682373,404,155.8000030517578,5065,53.70000076293945,91.31374863074936,33.552075861864125
-0.6809114813804626,147,7.900000095367432,4798,56.099998474121094,86.10351998285614,31.935108350448985
-5.4985785484313965,376,507,5048,80.30000305175781,90.05610723298203,33.641907390276074
1.0655797719955444,200,14.5,4615,54.099998474121094,86.7323406817398,32.20460293568484
-1.4534112215042114,267,72.9000015258789,5172,56.900001525878906,84.84587858508881,29.59948861173823
0.06885284185409546,330,139.10000610351563,4686,75.80000305175781,89.06796042045056,28.252015685558945
-6.49238395690918,292,125.80000305175781,4092,48.099998474121094,97.42229256276211,38.31314686769759
-4.463662147521973,501,984.9000244140625,5137,69.69999694824219,90.14593876139398,32.743592106156555
-2.309157133102417,362,26,4873,63,88.6188027783908,32.92325516298046
-3.845449686050415,476,806.79998779296875,4992,54.70000076293945,90.41543334662984,32.92325516298046
-1.577136754989624,424,30.100000381469727,4837,61.70000076293945,88.88829736362665,32.56392904933265
1.0019723176956177,109,19.200000762939453,4587,59.599998474121094,84.57638399985295,31.30628765156532
-2.621581554412842,107,4.800000190734863,5224,63.599998474121094,85.20520469873662,31.75544529362508
-1.5311415195465088,528,238.39999389648438,5040,57.599998474121094,85.83402539762028,28.611341799206755
0.08013280481100082,173,7.800000190734863,4811,54.5,86.37301456809199,32.024939878860934
-5.429797649383545,490,1189.800048828125,5061,59.099998474121094,90.14593876139398,32.833423634568504
-2.346065044403076,346,21.600000381469727,4863,57.099998474121094,88.43913972156689,32.92325516298046
-4.09480619430542,288,25,4698,63.20000076293945,92.57139002851669,34.450391145983644
-0.5714205503463745,335,92.19999694824219,4881,67.5999984741211,85.92385692603223,29.329994026502373
-0.5541024804115295,84,1.2000000476837158,4893,61.70000076293945,83.76790024414538,31.845276822037032
-0.9109205603599548,104,2.4000000953674316,4764,53.70000076293945,85.20520469873662,31.845276822037032
-1.7237704992294312,461,93.4000015258789,4856,70.9000015258789,89.33745500568641,32.56392904933265
-0.5374473929405212,140,34.599998474121094,4959,60.70000076293945,84.75604705667686,30.767298481093604
-5.191179275512695,310,71.30000305175781,4607,75.5,97.0629664491143,35.708032543750974
-4.9265313148498535,487,241.6999969482422,5013,63.79999923706055,91.31374863074936,32.92325516298046
-2.654171943664551,99,3.5999999046325684,5025,77.9000015258789,84.6662155282649,31.66561376521313
-0.5991365909576416,149,49.900001525878906,5068,78.30000305175781,85.56453081238442,30.407972367445797
-1.385093092918396,298,103.5999984741211,5042,64.9000015258789,86.10351998285614,29.329994026502373
-1.0185898542404175,74,1.2000000476837158,4799,62.29999923706055,83.58823718732148,32.294434464096796
-0.3765535354614258,99,1.2000000476837158,4819,55.900001525878906,85.29503622714857,32.11477140727289
-3.786695957183838,290,18.100000381469727,4724,63.29999923706055,91.85273780122108,34.27072808915974
-3.367405652999878,84,1.2000000476837158,5083,54.79999923706055,84.39672094302905,32.743592106156555
0.3508244752883911,364,49.400001525878906,4638,67.4000015258789,84.21705788620514,29.509657083326275
-4.29519510269165,114,7.900000095367432,5501,70.69999694824219,84.93571011350076,31.485950708389225
2.2088825702667236,598,171.1999969482422,4517,51.599998474121094,87.90015055109518,28.521510270794803
-1.3805843591690063,108,19.399999618530273,5278,63.70000076293945,84.39672094302905,31.126624594741415
-4.35643196105957,393,335.70001220703125,5044,61.79999923706055,89.42728653409837,33.102918219804366
-1.8845199346542358,93,3.5999999046325684,4952,61,83.76790024414538,31.30628765156532
-0.6067380905151367,262,53,4959,54.29999923706055,83.85773177255733,30.13847778220994
-5.256680488586426,310,39.70000076293945,4901,55.099998474121094,91.13408557392546,34.18089656074779
-3.4512312412261963,124,8.899999618530273,5213,61.29999923706055,85.65436234079638,31.575782236801174
-2.595028877258301,74,1.2000000476837158,5004,56.900001525878906,83.40857413049757,32.294434464096796
-1.257839560508728,271,80.9000015258789,5129,76.19999694824219,85.74419386920833,29.419825554914325
1.766391396522522,434,131.39999389648438,4464,65.5,88.34930819315494,28.252015685558945
0.5687080025672913,186,9.800000190734863,4742,61.29999923706055,86.46284609650394,31.935108350448985
-3.0122177600860596,92,2.4000000953674316,5021,64.4000015258789,84.6662155282649,31.75544529362508
-1.4364116191864014,481,97.4000015258789,4831,79.9000015258789,89.42728653409837,32.4740975209207
-2.1682159900665283,496,296.8999938964844,4800,52.599998474121094,80.89329133496291,30.94696153791751
0.15388993918895721,165,10.899999618530273,4737,52.79999923706055,86.28318303968004,32.024939878860934
0.9122453331947327,361,47.900001525878906,4578,79,84.30688941461709,29.509657083326275
0.503520667552948,288,16.200000762939453,4758,75.5999984741211,87.27132985221152,32.11477140727289
-4.327369689941406,115,9.100000381469727,5443,74.19999694824219,85.29503622714857,31.396119179977273
-4.2548322677612305,230,7.900000095367432,3499,72.69999694824219,97.96128173323382,39.031799094993204
-3.9279544353485107,96,9.600000381469727,5065,60,83.58823718732148,31.30628765156532
-5.252485275268555,79,1.2000000476837158,5507,59.599998474121094,83.40857413049757,31.75544529362508
-2.824732542037964,347,110.19999694824219,5010,51.70000076293945,88.88829736362665,33.192749748216315
-1.1313973665237427,446,60.400001525878906,4795,56,89.24762347727446,32.56392904933265
-2.1750192642211914,509,461.20001220703125,4870,52.099998474121094,80.89329133496291,30.85713000950556
-7.988089084625244,101,84,5733,69.80000305175781,83.49840565890952,31.485950708389225
-0.763517439365387,521,162.39999389648438,4626,47.70000076293945,90.05610723298203,32.4740975209207
-1.6461976766586304,73,1.2000000476837158,4827,59.099998474121094,83.49840565890952,32.294434464096796
-0.27407607436180115,103,1.2000000476837158,4741,56.099998474121094,85.11537317032466,31.845276822037032
-6.3591437339782715,195,52.400001525878906,3972,56.29999923706055,96.8833033922904,39.031799094993204
-4.365168571472168,404,447.3999938964844,5067,68.9000015258789,89.33745500568641,32.92325516298046
-8.106435775756836,225,106.5,4123,74.0999984741211,96.43414575023064,38.31314686769759
-1.4772591590881348,248,71.9000015258789,5054,76.80000305175781,85.65436234079638,29.509657083326275
-0.23983308672904968,66,1.2000000476837158,4591,50.5,83.13907954526172,32.92325516298046
0.18168708682060242,131,34.599998474121094,4869,53.400001525878906,84.84587858508881,30.767298481093604
-4.9469404220581055,177,8,3682,79.0999984741211,96.61380880705454,38.6724729813454
-2.0001842975616455,106,3.5999999046325684,4985,64.0999984741211,85.29503622714857,31.845276822037032
-1.8533766269683838,131,4.800000190734863,4989,58,85.92385692603223,31.935108350448985
-2.3580615520477295,227,1.2000000476837158,4805,51.900001525878906,87.09166679538761,33.102918219804366
-5.297878265380859,112,9,5363,56.099998474121094,85.29503622714857,31.66561376521313
-7.249971389770508,215,63,4116,57.20000076293945,96.52397727864258,38.31314686769759
0.9708872437477112,338,93.0999984741211,4755,64.4000015258789,84.93571011350076,29.329994026502373
-3.744441032409668,124,9,5190,61.29999923706055,85.56453081238442,31.575782236801174
-0.5255880355834961,274,50.29999923706055,4652,58.70000076293945,83.40857413049757,30.318140839033845
-5.5557074546813965,459,870.0999755859375,5153,70.4000015258789,90.50526487504179,33.102918219804366
-0.7362492680549622,127,39.900001525878906,5106,57.79999923706055,84.84587858508881,30.85713000950556
1.3200448751449585,105,19.600000381469727,4512,56.79999923706055,84.39672094302905,31.30628765156532
-0.16340477764606476,127,29.100000381469727,4727,68.5999984741211,84.57638399985295,30.94696153791751
-0.2154824435710907,274,53.20000076293945,4784,77.9000015258789,83.85773177255733,30.04864625379799
0.4548095762729645,100,7.900000095367432,4555,60.79999923706055,84.39672094302905,31.396119179977273
-3.5209319591522217,105,3.5999999046325684,5152,70.9000015258789,84.75604705667686,31.575782236801174
-4.5813469886779785,129,7.900000095367432,5369,56.099998474121094,85.92385692603223,31.66561376521313
-4.660688400268555,381,54.79999923706055,4919,64.80000305175781,91.58324321598522,33.641907390276074
-7.9570746421813965,290,164.39999389648438,4282,76.69999694824219,97.78161867640992,38.043652282461736
-2.4778716564178467,133,8.899999618530273,5104,65,85.92385692603223,31.485950708389225
-2.6429214477539063,94,2.4000000953674316,5006,62.099998474121094,84.57638399985295,31.75544529362508
-0.8954041004180908,102,4.800000190734863,4848,56.70000076293945,85.38486775556052,32.024939878860934
-0.140208899974823,328,87.4000015258789,4793,80.0999984741211,88.7984658352147,28.252015685558945
-3.091352701187134,352,44.900001525878906,5072,47.900001525878906,88.88829736362665,33.102918219804366
-0.4158971309661865,326,12.199999809265137,4851,73.69999694824219,87.63065596585932,32.11477140727289
-1.9822807312011719,177,51.79999923706055,5030,68.5,85.83402539762028,30.228309310621896
-1.1482833623886108,71,1.2000000476837158,4700,54.900001525878906,83.49840565890952,32.384265992508745
1.695123314857483,253,18.5,4537,64.5999984741211,87.00183526697566,32.024939878860934
-2.710421085357666,468,137.3000030517578,4923,75.30000305175781,89.42728653409837,32.56392904933265
-0.26317155361175537,351,171.5,4757,54.70000076293945,88.43913972156689,28.162184157146996
-1.8357785940170288,79,1.2000000476837158,4820,51.70000076293945,84.39672094302905,32.653760577744606
-1.2066797018051147,311,100.0999984741211,4909,59.79999923706055,85.65436234079638,29.329994026502373
-5.604545593261719,94,1.2000000476837158,5197,47.900001525878906,85.02554164191271,32.653760577744606
1.518387794494629,232,22.5,4548,69.80000305175781,86.82217221015175,31.935108350448985
0.5766364932060242,379,117.5,4717,63.5,85.74419386920833,29.150330969678468
-1.049225926399231,98,1.2000000476837158,4791,61.29999923706055,84.84587858508881,31.935108350448985
-6.8597588539123535,260,186.10000610351563,4264,60.599998474121094,97.42229256276211,39.12163062340516
-5.072582244873047,287,32,4785,57.599998474121094,92.7510530853406,35.07921184486731
-2.7976062297821045,85,1.2000000476837158,4958,55.70000076293945,84.6662155282649,32.56392904933265
-0.2584148347377777,343,106.69999694824219,4709,64.30000305175781,85.83402539762028,29.329994026502373
-0.121811144053936,198,7.800000190734863,4861,65.5999984741211,86.64250915332785,31.845276822037032
-4.0672736167907715,418,163.60000610351563,5056,74.4000015258789,89.24762347727446,32.743592106156555
-0.7446519136428833,245,86.4000015258789,5037,76.5,86.01368845444418,29.509657083326275
-0.32381853461265564,95,2.4000000953674316,4771,66.69999694824219,84.39672094302905,31.485950708389225
2.97483229637146,693,166.89999389648438,4301,54.29999923706055,87.81031902268323,28.521510270794803
-2.377068519592285,257,65.9000015258789,5021,78.5999984741211,84.21705788620514,29.958814725386038
-1.9258102178573608,95,1.2000000476837158,4979,62.20000076293945,84.21705788620514,31.75544529362508
0.7991589903831482,99,20.700000762939453,4708,48.29999923706055,83.94756330096928,31.216456123153367
-2.395514965057373,220,92.4000015258789,5140,70.80000305175781,85.74419386920833,29.59948861173823
-1.0123519897460938,210,9,4843,71.30000305175781,86.7323406817398,31.845276822037032
-6.224050521850586,223,58.20000076293945,4251,67.0999984741211,96.61380880705454,38.582641452933444
1.3843395709991455,297,17.399999618530273,4618,71.9000015258789,87.27132985221152,32.024939878860934
-2.8043534755706787,104,4.800000190734863,5293,62.79999923706055,84.75604705667686,31.485950708389225
-1.281508207321167,111,4.800000190734863,4886,69.30000305175781,84.75604705667686,31.396119179977273
-4.618752956390381,291,34.400001525878906,4682,68.5,92.7510530853406,35.258874901691215
-1.2162692546844482,126,29.799999237060547,4853,61.599998474121094,84.6662155282649,30.94696153791751
-6.922345161437988,270,125.0999984741211,4326,53.29999923706055,97.33246103435016,38.31314686769759
-6.832517147064209,206,66,3960,69.69999694824219,96.79347186387844,38.941967566581255
0.2488836795091629,94,3.5999999046325684,4660,69.69999694824219,84.39672094302905,31.575782236801174
-3.9729678630828857,111,9.100000381469727,5179,69.19999694824219,84.84587858508881,31.485950708389225
-0.31503576040267944,332,114.5999984741211,5066,53.5,85.20520469873662,29.24016249809042
-5.578495502471924,112,9.100000381469727,5521,50.29999923706055,85.29503622714857,31.485950708389225
0.626960039138794,97,3.5999999046325684,4732,53,83.76790024414538,31.396119179977273
-2.137897253036499,394,113,4801,75,83.04924801684976,29.868983196974085
-0.4257633090019226,154,49.900001525878906,4962,76.9000015258789,85.65436234079638,30.407972367445797
-7.2393574714660645,211,71.30000305175781,4528,74.69999694824219,95.62566199452306,37.86398922563783
-4.446156024932861,93,1.2000000476837158,5222,54.5,85.02554164191271,32.384265992508745
1.2898305654525757,186,10.699999809265137,4521,76.69999694824219,86.64250915332785,32.294434464096796
0.3138383626937866,504,74.69999694824219,4659,70.4000015258789,89.60694959092227,32.294434464096796
-1.436056137084961,100,1.2000000476837158,4971,58.29999923706055,84.93571011350076,31.845276822037032
-1.39728581905365,334,179.5,4975,54.79999923706055,88.70863430680275,28.162184157146996
-5.257943630218506,501,894.0999755859375,5188,67.19999694824219,89.96627570457008,32.653760577744606
1.7708749771118164,193,20.5,4504,51.20000076293945,86.5526776249159,32.11477140727289
1.250186800956726,381,143.39999389648438,4617,64.69999694824219,85.83402539762028,29.24016249809042
-3.7369141578674316,111,26.100000381469727,5279,65.4000015258789,84.39672094302905,31.036793066329466
2.088003158569336,266,27.299999237060547,4495,53.79999923706055,87.00183526697566,31.935108350448985
-2.0269975662231445,139,7.800000190734863,5098,61.099998474121094,86.01368845444418,31.75544529362508
-1.6262010335922241,71,1.2000000476837158,4723,58.400001525878906,83.40857413049757,32.384265992508745
-0.6598802804946899,530,167,4739,69.0999984741211,90.05610723298203,32.384265992508745
-0.9458705186843872,96,1.2000000476837158,4874,61.20000076293945,84.75604705667686,31.845276822037032
1.2258611917495728,497,27.100000381469727,4597,72.80000305175781,89.15779194886251,32.11477140727289
-0.34702441096305847,311,12.300000190734863,4840,74.4000015258789,87.45099290903542,32.11477140727289
-1.7108252048492432,359,105.5,4951,69.5,84.21705788620514,29.419825554914325
-4.072431564331055,287,15.699999809265137,4682,54,92.57139002851669,34.5402226743956
-4.1246724128723145,418,96.69999694824219,5079,69.19999694824219,89.15779194886251,32.743592106156555
-2.065098285675049,73,1.2000000476837158,4960,50,83.40857413049757,32.20460293568484
-4.037242412567139,291,18,4682,56.599998474121094,92.66122155692864,34.5402226743956
-0.7162183523178101,99,3.5999999046325684,4826,68.80000305175781,84.57638399985295,31.485950708389225
0.37167635560035706,350,100.30000305175781,4786,57.70000076293945,85.92385692603223,29.24016249809042
-1.0846940279006958,318,101.0999984741211,5225,58.900001525878906,86.10351998285614,29.24016249809042
-2.6344258785247803,197,3.5999999046325684,4974,52.599998474121094,86.82217221015175,32.653760577744606
-1.3730193376541138,103,4.800000190734863,4941,57.900001525878906,85.47469928397247,32.024939878860934
-2.8297441005706787,444,108.5999984741211,4946,71.69999694824219,89.33745500568641,32.653760577744606
-0.0061930762603878975,109,2.4000000953674316,4755,61.400001525878906,85.29503622714857,31.935108350448985
-4.817615509033203,301,95.80000305175781,4735,50.70000076293945,92.7510530853406,35.34870643010317
-3.9834461212158203,278,59.400001525878906,4524,80.69999694824219,94.72734671040354,35.169043373279266
-0.6916794180870056,216,17.700000762939453,4894,74.0999984741211,86.7323406817398,31.66561376521313
-0.7742912173271179,245,85.9000015258789,5066,64.80000305175781,86.10351998285614,29.509657083326275
0.39050066471099854,108,11,4620,76.30000305175781,84.6662155282649,31.396119179977273
-3.686774969100952,207,90.69999694824219,5336,67.80000305175781,85.74419386920833,29.68932014015018
-5.172561168670654,321,42.79999923706055,4846,67.69999694824219,91.22391710233741,34.18089656074779
-4.569634437561035,101,1.2000000476837158,5138,55.599998474121094,85.20520469873662,32.56392904933265
-4.683438301086426,88,2.4000000953674316,5546,70.0999984741211,83.85773177255733,31.75544529362508
-0.8222485780715942,267,58.79999923706055,4937,70.5,83.85773177255733,29.958814725386038
-5.2867255210876465,305,39.70000076293945,4949,57.70000076293945,91.0442540455135,34.18089656074779
-4.600022792816162,488,909.5,5043,70.5999984741211,90.05610723298203,32.743592106156555
-1.72084379196167,115,33.20000076293945,4923,69.4000015258789,84.486552471441,31.036793066329466
-0.6434217691421509,122,10.199999809265137,4882,58.5,85.56453081238442,31.396119179977273
0.45481181144714355,102,17.299999237060547,4930,59.79999923706055,84.30688941461709,31.216456123153367
-5.99927282333374,313,43.29999923706055,4968,53.5,90.95442251710155,34.18089656074779
0.2606525421142578,368,115.5999984741211,4759,77.30000305175781,88.52897124997884,28.252015685558945
1.4181667566299438,311,20.200000762939453,4595,70.5,87.36116138062347,32.024939878860934
-3.31557297706604,354,30.799999237060547,5178,57.5,88.43913972156689,32.833423634568504
-3.3360934257507324,515,385.70001220703125,5140,55.79999923706055,89.96627570457008,32.56392904933265
-4.634111404418945,104,1.2000000476837158,5267,55,85.20520469873662,32.4740975209207
0.3296176791191101,174,7.800000190734863,4805,55.099998474121094,86.37301456809199,31.935108350448985
-1.1185938119888306,249,73.30000305175781,5011,66.19999694824219,85.74419386920833,29.509657083326275
-2.8654630184173584,516,222.60000610351563,4995,65.0999984741211,90.05610723298203,32.56392904933265
-0.19562435150146484,736,388.29998779296875,4686,63.099998474121094,79.99497605084339,31.485950708389225
0.43228715658187866,482,27.399999618530273,4656,55.20000076293945,88.9781288920386,32.20460293568484
-2.955399751663208,99,2.4000000953674316,5087,59.599998474121094,84.75604705667686,31.75544529362508
-2.2406375408172607,407,131.39999389648438,4862,74,83.13907954526172,29.779151668562132
-1.2996275424957275,474,192.89999389648438,4732,54.5,80.98312286337486,31.036793066329466
1.2727456092834473,90,1.2000000476837158,4537,51.79999923706055,84.93571011350076,32.20460293568484
1.9721441268920898,306,25.899999618530273,4576,64.4000015258789,87.27132985221152,31.935108350448985
-6.346258640289307,235,67.5999984741211,3845,75.69999694824219,97.51212409117406,39.21146215181711
-3.400524616241455,119,9,5135,61.20000076293945,85.65436234079638,31.66561376521313
-7.115945339202881,245,143.1999969482422,4103,57.900001525878906,97.33246103435016,39.12163062340516
-3.1348488330841064,501,302,5023,65.0999984741211,89.78661264774618,32.56392904933265
-4.254426002502441,215,13.399999618530273,5096,60.79999923706055,87.00183526697566,32.56392904933265
-1.766674518585205,254,63.900001525878906,4903,56.70000076293945,84.84587858508881,29.68932014015018
-7.941967964172363,197,60.900001525878906,4107,70,96.70364033546649,39.031799094993204
-1.4385532140731812,93,1.2000000476837158,4904,69.0999984741211,84.6662155282649,31.845276822037032
0.0222821906208992,119,19.899999618530273,4725,68.4000015258789,84.57638399985295,31.126624594741415
1.2878721952438354,223,22.700000762939453,4545,61.20000076293945,86.7323406817398,31.935108350448985
1.824359655380249,212,21.799999237060547,4490,48.5,86.64250915332785,32.024939878860934
-0.41454482078552246,81,1.2000000476837158,4597,57.599998474121094,84.21705788620514,32.20460293568484
-4.488907337188721,278,62.900001525878906,4674,48.400001525878906,94.63751518199159,35.258874901691215
0.5697405934333801,338,16.200000762939453,4749,71.4000015258789,87.72048749427128,32.11477140727289
-0.650968611240387,326,150.89999389648438,4811,78,88.9781288920386,28.252015685558945
-1.4404895305633545,145,8.899999618530273,4848,59.29999923706055,86.10351998285614,31.575782236801174
0.2606337368488312,353,131.60000610351563,4804,62,85.65436234079638,29.150330969678468
-0.6081784963607788,116,24.799999237060547,4767,60.099998474121094,84.21705788620514,30.94696153791751
-8.6704864501953125,301,221.5,4392,55.5,97.51212409117406,38.582641452933444
-1.5127214193344116,109,4.800000190734863,4841,73.4000015258789,85.38486775556052,31.845276822037032
0.5007250905036926,240,11,4676,68,87.00183526697566,32.11477140727289
-4.605258464813232,391,299.5,5083,64.80000305175781,89.24762347727446,32.92325516298046
-4.547557830810547,213,23.600000381469727,4502,50.70000076293945,92.30189544328084,35.88769560057488
0.801967442035675,378,115,4679,57.79999923706055,84.93571011350076,29.24016249809042
-7.4478254318237305,172,50.099998474121094,4647,67.5,91.22391710233741,36.69617935628245
-4.9602766036987305,102,1.2000000476837158,5254,59.599998474121094,85.11537317032466,32.4740975209207
-4.68235445022583,482,946.9000244140625,5113,76.9000015258789,89.96627570457008,32.743592106156555
0.34123751521110535,115,19,4742,66,84.57638399985295,31.216456123153367
-3.139918327331543,102,1.2000000476837158,4998,66.5999984741211,84.75604705667686,31.66561376521313
-1.3369003534317017,333,200.89999389648438,4924,59.400001525878906,88.6188027783908,28.162184157146996
-3.614344596862793,126,7.900000095367432,5178,62.400001525878906,85.83402539762028,31.575782236801174
-7.34689998626709,219,89.4000015258789,4124,72.69999694824219,96.8833033922904,38.941967566581255
-0.557300865650177,299,52.900001525878906,4661,57,83.85773177255733,29.779151668562132
-4.494665145874023,127,7.900000095367432,5372,54.5,85.83402539762028,31.66561376521313
-2.7192060947418213,134,1.2000000476837158,5068,51.29999923706055,85.92385692603223,32.4740975209207
-1.8544304370880127,91,1.2000000476837158,5056,60,84.57638399985295,32.024939878860934
-1.1551589965820313,251,72,5100,67.80000305175781,85.92385692603223,29.509657083326275
-2.60992169380188,430,66.9000015258789,4937,74.4000015258789,89.15779194886251,32.653760577744606
-4.105732440948486,175,17.299999237060547,4349,61,91.58324321598522,36.516516299458544
0.5757219791412354,496,66.5,4708,74.0999984741211,89.51711806251032,32.294434464096796
-2.0370068550109863,95,1.2000000476837158,4936,63.900001525878906,84.30688941461709,31.75544529362508
-3.668564796447754,409,211.1999969482422,4946,66.5,89.33745500568641,32.833423634568504
-2.3710098266601563,416,35.599998474121094,4892,68.19999694824219,88.88829736362665,32.653760577744606
-3.389484405517578,219,20.5,4301,70.80000305175781,95.89515657975892,35.618201015339025
-0.9541520476341248,327,11.300000190734863,4917,75.19999694824219,87.54082443744737,32.11477140727289
-4.919957637786865,191,37.5,3679,55.900001525878906,96.97313492070235,39.031799094993204
-3.2826075553894043,199,2.4000000953674316,4997,52.599998474121094,86.82217221015175,32.743592106156555
-4.337958335876465,484,277.79998779296875,4937,74.19999694824219,91.22391710233741,32.833423634568504
-4.39255952835083,91,1.2000000476837158,5057,51.79999923706055,85.02554164191271,32.56392904933265
-3.3590028285980225,122,7.800000190734863,5172,66.5,85.74419386920833,31.75544529362508
-2.635840654373169,204,2.4000000953674316,5079,63.5,86.82217221015175,32.56392904933265
0.5906859040260315,93,3.5999999046325684,4543,68,84.30688941461709,31.485950708389225
-3.635364294052124,462,119.4000015258789,4779,124.30000305175781,93.1103791989884,33.01308669139241
-7.233198642730713,674,342,5048,85.80000305175781,95.44599893769916,33.192749748216315
0.20288507640361786,384,126.4000015258789,4812,109.4000015258789,91.76290627280912,28.521510270794803
-0.6443506479263306,419,71.30000305175781,5088,82.30000305175781,88.34930819315494,30.85713000950556
-0.74324631690979,352,102.4000015258789,4704,107,88.52897124997884,29.59948861173823
-5.079037189483643,397,101,4832,130.6999969482422,93.20021072740036,33.73173891868803
2.546381950378418,406,58.099998474121094,4497,104.9000015258789,90.77475946027765,28.88083638444261
-7.290682792663574,308,183.6999969482422,4257,100.0999984741211,98.23077631846968,38.133483810873685
-0.6191014051437378,260,46.20000076293945,3485,106.19999694824219,96.97313492070235,37.50466311199002
1.7169262170791626,470,44.599998474121094,4738,115.30000305175781,88.6188027783908,31.485950708389225
-1.712175726890564,493,428.70001220703125,5022,150.6999969482422,90.05610723298203,30.767298481093604
4.55505895614624,438,85.69999694824219,4235,97.4000015258789,88.25947666474299,29.329994026502373
0.5056178569793701,390,28.5,4852,126.0999984741211,87.98998207950713,30.94696153791751
-5.1200103759765625,396,102.69999694824219,4639,89.69999694824219,96.43414575023064,34.899548788043404
-3.285578727722168,385,23.100000381469727,4251,133.1999969482422,98.05111326164577,34.899548788043404
-3.665358781814575,395,62.900001525878906,4435,130.60000610351563,95.71549352293502,34.5402226743956
-2.8597211837768555,330,702.5,5029,121.19999694824219,89.96627570457008,29.419825554914325
-5.2481818199157715,176,13.600000381469727,3325,114.69999694824219,97.33246103435016,39.66061979387687
-3.911349296569824,431,125.0999984741211,4883,103.4000015258789,92.84088461375255,33.192749748216315
-4.713576793670654,442,245.10000610351563,4821,139.6999969482422,94.09852601151988,34.001233503923885
-6.916143417358398,812,331.20001220703125,4978,145.8000030517578,94.54768365357964,32.20460293568484
-0.0812903568148613,240,1.2000000476837158,3302,112.0999984741211,97.69178714799796,37.41483158357807
2.254218339920044,206,1.2000000476837158,3275,85.30000305175781,96.79347186387844,37.50466311199002
-3.7810914516448975,441,126.19999694824219,4784,127.0999984741211,93.46970531263621,33.46224433345217
5.763354301452637,481,172.60000610351563,3891,89.80000305175781,89.24762347727446,29.329994026502373
0.4028612971305847,391,114,4891,134.89999389648438,91.49341168757326,28.88083638444261
-3.0045342445373535,392,20.899999618530273,4241,128.1999969482422,98.23077631846968,34.809717259631455
-2.9004876613616943,287,72.5,3853,136,97.0629664491143,37.50466311199002
-7.586312294006348,385,171.89999389648438,4734,137,98.67993396052944,35.528369486927076
-0.1936570554971695,322,14.399999618530273,4953,101.30000305175781,87.54082443744737,30.677466952681655
2.914011001586914,434,71.80000305175781,4196,98,88.16964513633104,29.150330969678468
-3.472618579864502,411,107.0999984741211,4708,101.4000015258789,92.84088461375255,33.37241280504022
-4.547389507293701,396,269.8999938964844,4873,106.5999984741211,92.66122155692864,33.46224433345217
0.9821780920028687,414,46.099998474121094,4824,95.5999984741211,88.25947666474299,30.767298481093604
0.9837750196456909,445,47.599998474121094,4647,106.69999694824219,88.52897124997884,31.485950708389225
-4.627583980560303,421,183.1999969482422,4871,105.19999694824219,92.7510530853406,33.282581276628264
-5.177325248718262,413,136.8000030517578,4664,103.4000015258789,96.52397727864258,34.899548788043404
-6.287385940551758,534,286,4864,107.9000015258789,94.72734671040354,33.911401975511936
-4.276712417602539,409,69.4000015258789,4844,124.19999694824219,93.02054767057645,33.552075861864125
-5.733965873718262,281,116.5999984741211,3893,129,98.41043937529358,37.95382075404978
-5.813379287719727,389,95,4451,108.69999694824219,98.32060784688163,35.07921184486731
5.058565616607666,14,1.2000000476837158,3308,100,77.03053561324897,36.965673941518304
-5.517526626586914,365,97.0999984741211,4646,116,96.07481963658282,34.98938031645536
1.4152655601501465,461,138.5,4186,114.5999984741211,88.52897124997884,29.419825554914325
0.09541100263595581,384,107.5999984741211,4702,111.19999694824219,91.49341168757326,28.79100485603066
-4.127291202545166,432,85,4623,152.6999969482422,94.90700976722745,34.18089656074779
0.23510706424713135,525,236.8000030517578,4614,102,91.13408557392546,31.75544529362508
-3.055238723754883,323,56.400001525878906,4645,138.8000030517578,94.90700976722745,34.809717259631455
-5.174072265625,317,36.5,4911,108.5,91.76290627280912,34.001233503923885
0.46173977851867676,302,21.399999618530273,4721,136.39999389648438,89.06796042045056,28.88083638444261
-0.007189741358160973,372,27.700000762939453,5001,111.80000305175781,87.90015055109518,31.216456123153367
1.5509190559387207,44,3.5999999046325684,3656,103.9000015258789,75.6830626870697,37.59449464040197
-4.07275390625,525,836.79998779296875,5012,115.19999694824219,91.31374863074936,32.384265992508745
1.505098819732666,543,158.6999969482422,4709,116.80000305175781,89.42728653409837,30.94696153791751
-5.697896957397461,372,129.6999969482422,4706,97.30000305175781,95.80532505134697,34.899548788043404
-5.301520347595215,441,236.10000610351563,4691,116.4000015258789,94.9968412956394,34.360559617571695
-4.730498790740967,487,218.8000030517578,4844,100.30000305175781,94.27818906834378,33.82157044709998
-1.1831419467926025,533,170.1999969482422,5019,82.5999984741211,89.51711806251032,31.216456123153367
-0.22029727697372437,545,194.8000030517578,4893,111.4000015258789,90.23577028980594,31.485950708389225
-3.8451061248779297,431,80,4799,115,93.02054767057645,33.192749748216315
2.1132795810699463,257,2.4000000953674316,3100,126.80000305175781,99.3087546594131,36.6063478278705
-0.2418500781059265,395,181.5,4882,134,90.05610723298203,30.407972367445797
-4.091844081878662,432,150.1999969482422,4538,146.39999389648438,95.80532505134697,34.450391145983644
-3.6705880165100098,390,33.29999923706055,4343,139.1999969482422,97.96128173323382,34.899548788043404
-6.310982704162598,463,282.8999938964844,4698,139.10000610351563,96.34431422181868,34.63005420280755
-5.657846927642822,341,305.3999938964844,5417,103.5999984741211,88.07981360791908,31.126624594741415
-1.4111011028289795,528,239.8000030517578,5004,116.5,89.60694959092227,31.30628765156532
2.6938607692718506,261,3.5999999046325684,3124,103.5999984741211,99.39858618782506,36.426684771046595
-5.230559349060059,424,171.60000610351563,4600,148,96.25448269340673,34.809717259631455
-1.158503770828247,390,219.8000030517578,5174,133.39999389648438,88.9781288920386,30.407972367445797
-3.878964900970459,382,106.30000305175781,4678,123.4000015258789,94.18835753993183,34.360559617571695
2.0994322299957275,417,136.6999969482422,4852,123.4000015258789,89.87644417615813,29.24016249809042
0.2145293653011322,447,117.5999984741211,4890,104.80000305175781,88.9781288920386,30.587635424269703
-4.666808128356934,388,116.69999694824219,4479,112.69999694824219,96.43414575023064,34.98938031645536
0.929090142250061,540,197.89999389648438,4628,119.69999694824219,90.41543334662984,31.396119179977273
-3.3381927013397217,331,22.600000381469727,4492,129.5,93.91886295469598,34.360559617571695
-4.965324878692627,401,101,4352,127.9000015258789,98.41043937529358,34.98938031645536
-4.5203046798706055,382,105.69999694824219,4447,123.30000305175781,96.52397727864258,34.98938031645536
-4.079586505889893,405,130.5,4866,100.4000015258789,92.7510530853406,33.37241280504022
-3.411203384399414,479,169.5,4725,152.1999969482422,93.29004225581231,32.92325516298046
-4.042090892791748,404,166.1999969482422,4861,154.89999389648438,93.46970531263621,33.82157044709998
-2.2828476428985596,333,27.600000381469727,4487,92.4000015258789,94.00869448310792,34.450391145983644
-3.5212481021881104,400,32.70000076293945,4366,154.6999969482422,97.51212409117406,34.899548788043404
-0.49468716979026794,532,285.70001220703125,4885,127,91.0442540455135,31.66561376521313
3.6391777992248535,9,1.2000000476837158,3870,154.89999389648438,79.09666076672387,36.426684771046595
-3.5645415782928467,461,166.5,4748,127.5,93.29004225581231,33.102918219804366
-1.0397446155548096,534,176.1999969482422,5090,101.30000305175781,89.42728653409837,31.126624594741415
-5.579834938049316,599,257.20001220703125,4900,132.1999969482422,95.35616740928721,33.641907390276074
-3.3912458419799805,464,112.5,4750,115.80000305175781,93.20021072740036,33.01308669139241
1.3838427066802979,251,1.2000000476837158,3259,108.5,97.69178714799796,37.235168526754165
-3.382401943206787,317,65.9000015258789,4446,130.10000610351563,94.8171782388155,34.899548788043404
-5.273567199707031,402,141,4623,116.80000305175781,95.89515657975892,34.719885731219506
-7.580970287322998,519,339.6000061035156,5299,82.0999984741211,92.39172697169279,33.01308669139241
-3.441148281097412,415,80.5999984741211,4689,119.19999694824219,93.46970531263621,33.552075861864125
-3.944125175476074,421,144.3000030517578,4755,116,92.84088461375255,33.282581276628264
-7.64370059967041,555,309.6000061035156,5070,90.80000305175781,94.54768365357964,33.82157044709998
-3.070733070373535,409,174.89999389648438,5264,110.69999694824219,88.43913972156689,31.30628765156532
-6.584012985229492,665,1388.699951171875,5252,85.5,92.7510530853406,30.407972367445797
-4.5036702156066895,546,238,4844,140.5,94.00869448310792,33.102918219804366
-5.701986789703369,504,341,4731,117.4000015258789,96.34431422181868,34.450391145983644
-4.443076133728027,326,81.19999694824219,4593,130.8000030517578,94.63751518199159,34.899548788043404
-3.91009259223938,385,220.89999389648438,4807,98.30000305175781,92.57139002851669,33.46224433345217
-3.1688122749328613,424,69.69999694824219,4649,107.5,93.29004225581231,33.282581276628264
-0.2898784279823303,386,107.0999984741211,4872,92.9000015258789,91.40358015916131,28.701173327618704
-3.5560505390167236,372,15.100000381469727,4388,116.19999694824219,98.23077631846968,34.899548788043404
-3.0889840126037598,327,33.20000076293945,4452,100.5999984741211,94.36802059675574,34.63005420280755
0.32840147614479065,348,226.39999389648438,4961,116.4000015258789,90.05610723298203,29.24016249809042
-3.3495442867279053,302,28.5,4566,115,94.63751518199159,34.809717259631455
-2.5372493267059326,431,371.6000061035156,5104,110.0999984741211,89.33745500568641,30.677466952681655
0.24313120543956757,547,189,4722,100.5,90.14593876139398,31.485950708389225
1.2254377603530884,532,102.5,4721,130.39999389648438,89.06796042045056,31.396119179977273
-5.032247066497803,442,202.8000030517578,4788,125.4000015258789,94.45785212516769,34.091065032335834
-4.130947589874268,307,182.89999389648438,3985,90,98.59010243211748,36.33685324263464
-5.768937110900879,397,181.60000610351563,4602,107,95.98498810817087,34.899548788043404
-5.82902193069458,517,1344.5,5183,89.0999984741211,93.1103791989884,29.509657083326275
-6.4588236808776855,299,141.89999389648438,4441,123.80000305175781,97.69178714799796,37.684326168813925
-3.6264774799346924,357,181.60000610351563,4770,108.0999984741211,92.48155850010474,33.641907390276074
-2.830293655395508,419,294.70001220703125,5128,118.0999984741211,89.60694959092227,30.587635424269703
3.4185590744018555,291,6,3020,100.0999984741211,99.66808077306091,36.426684771046595
-5.307809829711914,395,189.39999389648438,4793,123.5999984741211,95.71549352293502,34.809717259631455
-2.051877975463867,142,3.5999999046325684,3152,121.4000015258789,97.15279797752625,39.750451322288825
-6.966057300567627,533,301.6000061035156,4878,82.4000015258789,94.54768365357964,33.911401975511936
-3.753298044204712,417,110.80000305175781,4780,143.8000030517578,93.46970531263621,33.641907390276074
-3.359403133392334,181,18.700000762939453,3401,127,97.2426295059382,39.66061979387687
-0.04887068271636963,321,12.100000381469727,5031,94.5999984741211,87.45099290903542,30.677466952681655
-4.2965240478515625,387,397.20001220703125,5339,106.0999984741211,89.42728653409837,30.49780389585775
-6.006833553314209,479,362.70001220703125,5099,93.80000305175781,92.48155850010474,33.102918219804366
-5.16748046875,432,190.1999969482422,4880,132.6999969482422,94.18835753993183,34.001233503923885
-3.8506219387054443,481,163.39999389648438,4806,134.1999969482422,93.1103791989884,32.92325516298046
-5.198097229003906,398,131.39999389648438,4833,126,93.1103791989884,33.73173891868803
-0.020934872329235077,38,1.2000000476837158,3558,110.19999694824219,75.6830626870697,38.043652282461736
-2.2720906734466553,222,23.899999618530273,3226,100.19999694824219,97.96128173323382,39.48095673705297
1.9964330196380615,462,45.599998474121094,4607,140,88.6188027783908,31.575782236801174
-0.538946807384491,34,1.2000000476837158,4083,100.9000015258789,75.6830626870697,37.50466311199002
-4.289452075958252,412,52.5,4297,137.10000610351563,98.59010243211748,34.899548788043404
-5.083644866943359,515,229.89999389648438,5026,117.4000015258789,93.73919989787207,33.192749748216315
-5.084765911102295,438,199.3000030517578,4686,123.30000305175781,95.98498810817087,34.5402226743956
0.7920021414756775,350,23.100000381469727,4888,96.4000015258789,87.72048749427128,31.216456123153367
-6.851083278656006,395,378.20001220703125,4429,127.0999984741211,99.1290916025892,35.708032543750974
-6.027689456939697,341,71.80000305175781,4656,129.10000610351563,98.50027090370553,35.528369486927076
-2.1876635551452637,97,2.4000000953674316,3397,111.19999694824219,95.62566199452306,39.750451322288825
-0.09363161027431488,183,25.899999618530273,4843,112.5,86.19335151126809,30.85713000950556
-4.098782062530518,540,303.5,4530,154.5,96.16465116499478,34.091065032335834
-5.989181995391846,450,281.20001220703125,4651,125.80000305175781,96.16465116499478,34.63005420280755
-5.234859943389893,217,69.69999694824219,5579,118.30000305175781,86.91200373856371,30.767298481093604
4.058834075927734,440,118.30000305175781,4027,98.30000305175781,88.43913972156689,29.329994026502373
-4.022244930267334,447,129.1999969482422,4847,114.19999694824219,92.84088461375255,33.102918219804366
-1.185987949371338,341,27.200000762939453,5150,117.4000015258789,87.81031902268323,31.126624594741415
0.8975027203559875,519,147.39999389648438,4726,102.5999984741211,89.42728653409837,30.85713000950556
0.2781786620616913,540,159.5,4743,117.5,89.42728653409837,31.485950708389225
-5.626234531402588,323,37.20000076293945,5001,101.0999984741211,91.67307474439717,34.001233503923885
-5.683469772338867,477,353.20001220703125,4773,131,95.98498810817087,34.450391145983644
-6.506146430969238,476,254.89999389648438,4925,104.0999984741211,94.54768365357964,34.001233503923885
4.462635517120361,348,58.400001525878906,4482,103.5,92.57139002851669,28.43167874238285
2.4152145385742188,388,83.4000015258789,4342,114.9000015258789,88.43913972156689,28.970667912854566
-5.713202953338623,415,334.6000061035156,5007,94.5999984741211,92.30189544328084,33.282581276628264
0.4090646803379059,533,109.80000305175781,4889,106.69999694824219,89.15779194886251,31.396119179977273
0.15934790670871735,523,190.6999969482422,4628,126.5,91.13408557392546,31.66561376521313
-4.572254180908203,406,71.0999984741211,4316,118.5,98.59010243211748,34.98938031645536
-3.254683017730713,326,34.900001525878906,4626,127.0999984741211,94.36802059675574,34.719885731219506
-1.6709411144256592,548,220.8000030517578,5007,107.69999694824219,90.23577028980594,31.575782236801174
-3.620096445083618,375,110.5999984741211,4831,91.30000305175781,92.7510530853406,33.641907390276074
-4.2561235427856445,320,83.0999984741211,4723,117.30000305175781,94.45785212516769,34.899548788043404
-2.456230640411377,297,11.600000381469727,4407,135.6999969482422,94.45785212516769,34.719885731219506
-4.080326557159424,515,207.5,4899,136.89999389648438,93.37987378422426,32.833423634568504
-3.3340728282928467,488,177.10000610351563,4724,148.89999389648438,93.37987378422426,32.92325516298046
-3.4902749061584473,358,69.9000015258789,5273,112.30000305175781,87.98998207950713,31.126624594741415
-0.033632952719926834,270,4.800000190734863,3502,154.60000610351563,97.78161867640992,37.235168526754165
-4.527698040008545,434,198.39999389648438,4957,125.30000305175781,93.37987378422426,33.641907390276074
-2.4735782146453857,409,90.5,5141,107.80000305175781,88.34930819315494,30.677466952681655
-6.242369174957275,456,258.8999938964844,4691,132.5,96.25448269340673,34.63005420280755
-1.41487455368042,540,240,4920,129.89999389648438,90.41543334662984,31.575782236801174
-2.991781711578369,306,93.0999984741211,5297,90.19999694824219,88.43913972156689,29.59948861173823
-3.246971607208252,405,44.79999923706055,4663,113.19999694824219,93.02054767057645,33.37241280504022
-5.833374500274658,301,103,4668,91.30000305175781,95.71549352293502,35.169043373279266
2.863778591156006,262,2.4000000953674316,3091,122.69999694824219,99.48841771623701,36.426684771046595
4.097962856292725,17,0,3323,127.30000305175781,78.2881770110163,36.875842413106355
-1.156412959098816,409,37.79999923706055,5031,111.0999984741211,88.25947666474299,31.66561376521313
-0.8969003558158875,555,205.1999969482422,4925,87,90.14593876139398,31.575782236801174
-4.4709792137146,480,210.5,4900,107.9000015258789,93.64936836946012,33.37241280504022
-3.7085485458374023,328,42.5,4557,127.69999694824219,93.73919989787207,34.450391145983644
-1.1881382465362549,318,86,5337,114.19999694824219,88.43913972156689,29.509657083326275
-7.021381855010986,520,293.20001220703125,4998,95.5,94.45785212516769,33.911401975511936
-3.973416566848755,453,143.39999389648438,4737,140.60000610351563,93.29004225581231,33.192749748216315
-0.7016099691390991,432,124.4000015258789,5050,142.8000030517578,89.15779194886251,30.49780389585775
-6.248198509216309,503,333.6000061035156,4785,113.19999694824219,96.43414575023064,34.450391145983644
-6.96260929107666,619,277.20001220703125,5231,141.3000030517578,93.20021072740036,32.743592106156555
-1.2073813676834106,408,129.39999389648438,5000,96.5,88.88829736362665,30.49780389585775
-3.861368417739868,368,206,4751,103.19999694824219,92.66122155692864,33.641907390276074
-0.5807764530181885,316,14.100000381469727,4968,91.5,87.54082443744737,30.587635424269703
-3.378762722015381,383,333.1000061035156,5244,113.4000015258789,89.51711806251032,30.49780389585775
-0.15987899899482727,348,23.600000381469727,4936,99.69999694824219,87.72048749427128,31.126624594741415
-4.9626240730285645,510,1396.199951171875,5104,108.69999694824219,93.1103791989884,29.419825554914325
-4.908746242523193,401,106.9000015258789,4831,129.5,93.29004225581231,33.73173891868803
-4.530841827392578,327,36.900001525878906,4804,98.5999984741211,91.58324321598522,34.091065032335834
-1.6566064357757568,547,239.3000030517578,4981,115.80000305175781,90.32560181821789,31.575782236801174
-4.859891891479492,342,76.80000305175781,4504,109.19999694824219,95.98498810817087,35.07921184486731
-2.796205997467041,535,429.70001220703125,4840,114.5,90.8645909886896,31.845276822037032
0.29125624895095825,489,140.5,4901,93.0999984741211,89.24762347727446,30.85713000950556
-5.104263782501221,402,198.1999969482422,4714,141.39999389648438,95.71549352293502,34.719885731219506
-3.7611968517303467,365,18.299999237060547,4390,116.80000305175781,98.14094479005772,34.98938031645536
-4.009354114532471,316,79.19999694824219,4518,141.39999389648438,94.72734671040354,34.899548788043404
-0.09904196113348007,548,211.3000030517578,4820,108.5,90.32560181821789,31.485950708389225
-3.951561450958252,449,114.5,4827,115.9000015258789,93.02054767057645,33.102918219804366
-4.140944480895996,404,173.89999389648438,4218,114.5999984741211,99.21892313100115,35.34870643010317
-3.4978175163269043,425,89.19999694824219,4800,134.3000030517578,93.1103791989884,33.282581276628264
0.1952979415655136,392,55.20000076293945,4896,107.9000015258789,88.07981360791908,30.767298481093604
1.978431224822998,351,66.9000015258789,4670,86.0999984741211,92.48155850010474,28.341847213970897
-4.348572731018066,404,143.60000610351563,4733,117.5999984741211,95.71549352293502,34.63005420280755
-5.711918830871582,358,100.4000015258789,4693,84.19999694824219,95.71549352293502,34.98938031645536
2.6211771965026855,460,197.6999969482422,4473,135.60000610351563,90.41543334662984,29.958814725386038
1.0512332916259766,309,59,4632,114,89.33745500568641,28.88083638444261
-4.00601863861084,428,41,4315,143.6999969482422,98.59010243211748,34.809717259631455
-4.559947490692139,467,130,4487,129.8000030517578,97.15279797752625,34.5402226743956
-5.202335834503174,467,212.89999389648438,4743,131.39999389648438,94.72734671040354,34.001233503923885
1.1846301555633545,464,43.20000076293945,4749,120.69999694824219,88.6188027783908,31.396119179977273
-4.681011199951172,445,206.3000030517578,4592,140.89999389648438,95.89515657975892,34.450391145983644
-6.087544918060303,497,359.6000061035156,4836,131.10000610351563,95.98498810817087,34.360559617571695
-3.556195020675659,366,29.399999618530273,4287,96.30000305175781,97.96128173323382,35.07921184486731
-5.793091773986816,480,295.70001220703125,4627,135.10000610351563,96.52397727864258,34.5402226743956
-4.828558921813965,412,162.8000030517578,4983,98.4000015258789,93.02054767057645,33.641907390276074
-4.195093631744385,394,139.3000030517578,4906,140.5,93.20021072740036,33.82157044709998
-3.4003379344940186,334,44.599998474121094,4473,98.30000305175781,95.08667282405135,34.809717259631455
-3.741908550262451,413,81.5999984741211,4765,113.9000015258789,92.9307161421645,33.37241280504022
-3.4057295322418213,296,19.899999618530273,4521,129.39999389648438,93.46970531263621,34.63005420280755
-0.23110364377498627,450,231.89999389648438,4873,135,90.14593876139398,30.587635424269703
-5.681535720825195,446,229.60000610351563,4718,105.69999694824219,96.07481963658282,34.5402226743956
-7.585438251495361,366,407.8999938964844,4184,139.5,98.9494285457653,38.043652282461736
-4.354782581329346,394,497.20001220703125,4878,110.9000015258789,92.48155850010474,33.46224433345217
-1.8183337450027466,364,31.600000381469727,5251,117,87.90015055109518,31.126624594741415
1.700905680656433,423,41.79999923706055,4673,118.0999984741211,87.98998207950713,29.150330969678468
0.9784625172615051,369,25.299999237060547,4842,86.5,87.81031902268323,31.216456123153367
-6.03960657119751,366,135.89999389648438,4443,134.60000610351563,98.59010243211748,35.528369486927076
-5.813078880310059,301,130.60000610351563,3855,83.4000015258789,98.41043937529358,38.40297839610954
-2.5179624557495117,532,406.29998779296875,4837,111.80000305175781,90.95442251710155,31.845276822037032
-4.53367805480957,370,46.900001525878906,4466,106,96.97313492070235,35.07921184486731
-5.017122745513916,537,236.5,4977,94.0999984741211,94.00869448310792,33.282581276628264
0.02670210599899292,544,165.39999389648438,4808,90.9000015258789,89.51711806251032,31.126624594741415
-4.2382612228393555,409,154.5,4557,127.4000015258789,95.80532505134697,34.63005420280755
-5.357224941253662,382,117.5,4601,124.69999694824219,96.07481963658282,34.899548788043404
-0.1351228654384613,566,213.5,4766,85,90.14593876139398,31.75544529362508
-3.365780830383301,359,45.79999923706055,4659,120.5999984741211,94.09852601151988,34.450391145983644
-6.1520586013793945,297,126.4000015258789,3880,118.69999694824219,98.32060784688163,38.492809924521495
-3.126864433288574,348,61.400001525878906,4563,133.5,95.08667282405135,34.719885731219506
0.4594140946865082,388,35.900001525878906,4948,93.80000305175781,87.98998207950713,30.85713000950556
-6.286549091339111,297,136.89999389648438,4085,130.8000030517578,98.32060784688163,38.133483810873685
1.7130917310714722,213,5.5,3303,87.30000305175781,96.8833033922904,37.50466311199002
-3.1036674976348877,379,18.299999237060547,4270,108.30000305175781,98.14094479005772,34.899548788043404
2.3491573333740234,390,157.1999969482422,4415,121.80000305175781,90.14593876139398,29.24016249809042
-3.3025717735290527,441,94.80000305175781,4744,119.0999984741211,93.37987378422426,33.282581276628264
-1.7725707292556763,542,276.1000061035156,4812,137.6999969482422,90.6849279318657,31.66561376521313
-5.883845329284668,303,128.60000610351563,3896,125.4000015258789,98.32060784688163,38.40297839610954
-5.44508695602417,421,180.89999389648438,4593,136.5,96.16465116499478,34.719885731219506
-3.336273193359375,530,616.5,5049,100.30000305175781,91.31374863074936,32.294434464096796
-0.7261400818824768,509,322.29998779296875,4943,122.5,90.32560181821789,30.94696153791751
-4.181942462921143,474,176.10000610351563,4870,125.5999984741211,93.64936836946012,33.282581276628264
1.8136581182479858,329,38.20000076293945,4417,117.30000305175781,88.25947666474299,29.150330969678468
-0.7961340546607971,534,191.5,4982,109.5,89.60694959092227,31.216456123153367
-1.7502222061157227,181,29.299999237060547,5090,102.0999984741211,86.28318303968004,30.85713000950556
-4.243647575378418,399,129.39999389648438,4981,98.5,92.9307161421645,33.641907390276074
-3.595813512802124,530,220.39999389648438,4810,139.8000030517578,93.55953684104816,32.833423634568504
-4.465016841888428,371,70.19999694824219,4423,137.60000610351563,97.60195561958601,35.07921184486731
-4.176039218902588,388,110.4000015258789,4300,107.0999984741211,99.03926007417724,35.34870643010317
-6.307753086090088,458,283.5,4771,115.5999984741211,96.34431422181868,34.719885731219506
-4.706232070922852,429,340.1000061035156,4889,99.5999984741211,92.66122155692864,33.282581276628264
-4.059609413146973,282,96.5,3759,125.5,97.69178714799796,37.50466311199002
-4.843244552612305,465,207,4803,119.30000305175781,94.27818906834378,33.911401975511936
-4.011434078216553,554,329.20001220703125,4531,138.39999389648438,96.25448269340673,34.091065032335834
-5.267576694488525,440,200.1999969482422,4835,118.80000305175781,94.27818906834378,34.001233503923885
1.8886828422546387,537,50.79999923706055,4568,115.80000305175781,88.9781288920386,31.575782236801174
1.243672490119934,367,135.10000610351563,4885,127,89.78661264774618,29.150330969678468
-5.910642623901367,485,230.89999389648438,4915,107,94.36802059675574,33.911401975511936
-0.459018737077713,272,4.800000190734863,3603,138.3000030517578,97.87145020482187,37.235168526754165
0.5190110802650452,385,91.5999984741211,4726,104.69999694824219,91.49341168757326,28.701173327618704
-1.541213035583496,529,372.20001220703125,4830,125,91.0442540455135,31.845276822037032
-6.55534029006958,481,340.1000061035156,4803,113.80000305175781,96.25448269340673,34.5402226743956
-0.15542097389698029,186,23,4886,105.5999984741211,86.28318303968004,30.94696153791751
-3.9167304039001465,421,410.6000061035156,5220,116.19999694824219,89.33745500568641,30.587635424269703
-3.952380657196045,480,175.1999969482422,4824,137.6999969482422,93.64936836946012,33.192749748216315
-5.036463737487793,382,95.0999984741211,4558,132.60000610351563,96.16465116499478,34.899548788043404
-6.583603382110596,290,127.0999984741211,4209,142.8000030517578,98.41043937529358,38.043652282461736
5.345428466796875,12,1.2000000476837158,3259,108.5,79.00682923831192,36.426684771046595
0.621536135673523,389,156.3000030517578,4662,142.39999389648438,91.58324321598522,28.88083638444261
-2.283550977706909,298,16.600000381469727,4418,116.80000305175781,94.9968412956394,34.809717259631455
1.628523588180542,453,44.79999923706055,4697,126.9000015258789,88.52897124997884,31.575782236801174
1.4885804653167725,568,155.8000030517578,4583,97.30000305175781,89.69678111933422,31.575782236801174
2.0493199825286865,414,119.9000015258789,4473,152.3000030517578,88.52897124997884,29.509657083326275
-3.17470383644104,421,70.9000015258789,4730,128.3000030517578,93.20021072740036,33.37241280504022
0.7187605500221252,352,24.299999237060547,4986,99.0999984741211,87.81031902268323,31.30628765156532
5.41498327255249,502,141.3000030517578,4046,108.5999984741211,88.70863430680275,29.329994026502373
-4.869555950164795,429,172.10000610351563,4746,128.5,94.36802059675574,34.091065032335834
-4.256797790527344,459,168.60000610351563,4877,137.60000610351563,93.46970531263621,33.37241280504022
-4.50590181350708,304,38.70000076293945,4863,114.0999984741211,92.39172697169279,34.091065032335834
0.977436363697052,554,161,4639,101.5,89.69678111933422,31.485950708389225
-1.7230298519134521,482,158.10000610351563,5198,109.30000305175781,89.24762347727446,30.767298481093604
-2.1927788257598877,376,204.5,5110,91.30000305175781,88.7984658352147,30.49780389585775
-2.9972074031829834,383,306.8999938964844,5153,109,89.60694959092227,30.49780389585775
-6.707427501678467,308,151.60000610351563,4100,107.5,98.32060784688163,38.223315339285634
-4.200725555419922,390,31.899999618530273,4295,140.8000030517578,98.41043937529358,34.899548788043404
-4.661022663116455,387,47.099998474121094,4436,140.1999969482422,98.23077631846968,34.98938031645536
-1.3050750494003296,731,1124.4000244140625,4700,218.60000610351563,96.79347186387844,31.036793066329466
4.357458591461182,686,495.5,3694,277.1000061035156,97.51212409117406,30.767298481093604
-0.7765901684761047,703,908.79998779296875,4484,250.3000030517578,99.93757535829677,29.958814725386038
5.772024154663086,386,90.19999694824219,3834,179.89999389648438,92.03240085804498,29.24016249809042
-3.146364450454712,708,347.3999938964844,4651,224.89999389648438,96.70364033546649,32.653760577744606
0.620686411857605,305,32.099998474121094,3625,226.10000610351563,99.66808077306091,36.157190185810734
-4.883867263793945,548,422.70001220703125,3795,269.20001220703125,101.01555369924019,37.325000055166115
-5.107434272766113,579,251.6999969482422,4530,187.1999969482422,98.23077631846968,34.001233503923885
-1.614005446434021,622,360.29998779296875,4705,198.6999969482422,92.39172697169279,31.575782236801174
-2.127014398574829,730,1266.0999755859375,4277,248.3000030517578,99.93757535829677,33.552075861864125
4.471550941467285,477,217.39999389648438,4013,273.29998779296875,91.67307474439717,29.779151668562132
0.041247401386499405,657,466.3999938964844,4332,268.1000061035156,97.51212409117406,31.30628765156532
-3.089881420135498,685,1019.4000244140625,4313,231.60000610351563,99.39858618782506,33.37241280504022
-0.27283814549446106,602,369.5,4526,213.1999969482422,92.21206391486888,31.216456123153367
-2.0508437156677246,675,576.29998779296875,4986,157.60000610351563,97.87145020482187,29.958814725386038
2.0170390605926514,680,519.5,4469,259.70001220703125,97.78161867640992,30.677466952681655
-2.0191190242767334,654,313.20001220703125,4382,263.79998779296875,98.50027090370553,33.192749748216315
-3.8203132152557373,617,269.1000061035156,4456,217.5,98.05111326164577,33.641907390276074
-0.2791527509689331,459,501.70001220703125,4822,158.1999969482422,91.76290627280912,29.68932014015018
0.558583676815033,658,240.5,4265,249,96.34431422181868,32.384265992508745
-1.6704975366592407,695,759.4000244140625,4685,214.60000610351563,93.64936836946012,31.935108350448985
-1.6358489990234375,736,1280.800048828125,4155,248.5,100.65622758559238,33.911401975511936
-2.3469953536987305,690,369.79998779296875,4622,235.6999969482422,96.97313492070235,32.4740975209207
-0.9845055341720581,805,1278.699951171875,4078,297,100.47656452876848,33.102918219804366
-0.924698531627655,702,946.5999755859375,4554,263.29998779296875,100.20706994353262,29.509657083326275
-4.802967071533203,663,860.29998779296875,4464,250.60000610351563,99.93757535829677,34.18089656074779
-0.6620877981185913,714,899.70001220703125,4416,270.20001220703125,97.51212409117406,31.036793066329466
-3.3859686851501465,769,1248.5,4444,213.6999969482422,99.84774382988482,33.102918219804366
-2.0228912830352783,757,1188.5,4421,287.6000061035156,99.66808077306091,32.653760577744606
-4.3909735679626465,716,1104.4000244140625,4815,196.10000610351563,99.57824924464896,30.13847778220994
-1.1216528415679932,658,260,4500,193.5,96.8833033922904,33.37241280504022
-3.8612377643585205,706,882.70001220703125,4469,217.8000030517578,99.3087546594131,33.01308669139241
-5.150064468383789,669,788.4000244140625,4552,199.1999969482422,100.02740688670872,34.27072808915974
-3.009246349334717,750,1348.4000244140625,4418,196.60000610351563,94.45785212516769,30.228309310621896
1.5586386919021606,644,239.5,3932,281.8999938964844,96.97313492070235,31.396119179977273
-2.8435325622558594,691,976.4000244140625,4335,275.70001220703125,98.05111326164577,32.92325516298046
-2.795583724975586,805,1236.5999755859375,4070,248.10000610351563,100.83589064241629,33.552075861864125
-0.11671166867017746,550,242.5,4580,194.60000610351563,91.76290627280912,31.485950708389225
0.21231232583522797,653,440.6000061035156,4203,285.6000061035156,98.32060784688163,33.01308669139241
-0.3334274888038635,628,465.1000061035156,4101,284.29998779296875,98.23077631846968,33.102918219804366
-0.011971458792686462,627,577.0999755859375,4479,249.3000030517578,92.9307161421645,31.935108350448985
-3.5091071128845215,616,400.29998779296875,4340,224.39999389648438,99.1290916025892,33.82157044709998
-5.032045841217041,629,305.3999938964844,4492,222.5,99.3087546594131,34.091065032335834
-2.401718854904175,760,333.1000061035156,4692,196.39999389648438,94.00869448310792,31.845276822037032
-1.1114808320999146,734,1261,4143,239.1999969482422,100.20706994353262,33.641907390276074
0.27597054839134216,699,670.20001220703125,4660,190.3000030517578,97.69178714799796,30.318140839033845
-1.3643991947174072,803,1287,4075,277.70001220703125,100.74605911400434,33.282581276628264
0.4884874224662781,661,162.39999389648438,4404,214.3000030517578,96.16465116499478,32.653760577744606
2.7928409576416016,471,223.60000610351563,4145,264.20001220703125,91.85273780122108,29.779151668562132
-0.9146212935447693,518,278.20001220703125,4857,188.6999969482422,90.77475946027765,31.126624594741415
-2.4025397300720215,692,296.3999938964844,4421,181.5,96.25448269340673,32.833423634568504
-3.500267505645752,442,672.79998779296875,5106,203.10000610351563,91.67307474439717,29.509657083326275
-5.707469463348389,633,321.6000061035156,4553,225.89999389648438,98.32060784688163,33.552075861864125
-3.6388070583343506,778,1111.4000244140625,4234,253.10000610351563,101.28504828447605,34.001233503923885
0.24673379957675934,687,635.9000244140625,4219,219.1999969482422,95.89515657975892,32.11477140727289
-0.4283222556114197,654,563.0999755859375,4266,285.3999938964844,98.23077631846968,33.01308669139241
-2.0099549293518066,694,300.1000061035156,4501,206,97.2426295059382,33.102918219804366
1.024689793586731,697,458.3999938964844,4496,223.5,97.60195561958601,30.407972367445797
-4.721307277679443,723,631.20001220703125,4637,245.89999389648438,97.69178714799796,33.01308669139241
-1.0440102815628052,699,196.6999969482422,4321,220.8000030517578,95.89515657975892,32.56392904933265
-2.06954026222229,712,1294.699951171875,4309,244.6999969482422,100.02740688670872,33.82157044709998
-1.1307284832000732,522,354.29998779296875,4633,194.5,91.67307474439717,31.935108350448985
-2.690859794616699,720,725.70001220703125,4462,252.89999389648438,99.1290916025892,32.833423634568504
-0.5556485652923584,675,241.1999969482422,4381,257.29998779296875,96.70364033546649,32.56392904933265
-2.4491312503814697,579,598.70001220703125,4733,226.39999389648438,92.66122155692864,32.11477140727289
-3.0444841384887695,639,233.3000030517578,4537,217.10000610351563,96.34431422181868,33.282581276628264
-3.0228688716888428,645,253.89999389648438,4482,207,96.43414575023064,33.37241280504022
-5.764492511749268,514,262.20001220703125,4589,190.6999969482422,97.42229256276211,34.360559617571695
0.2727716863155365,708,768.79998779296875,4497,289.29998779296875,97.51212409117406,30.94696153791751
-1.7132967710494995,793,1241,4341,294.5,100.29690147194458,32.743592106156555
-5.8522210121154785,419,448.1000061035156,3939,236.3000030517578,99.84774382988482,37.59449464040197
-2.974510908126831,657,685.0999755859375,4286,239.60000610351563,99.66808077306091,34.001233503923885
-1.4623547792434692,690,258.3999938964844,4238,267.3999938964844,97.60195561958601,32.653760577744606
-0.489725798368454,592,344.5,4522,244.5,92.30189544328084,31.66561376521313
-5.089228630065918,711,506.3999938964844,4622,261.79998779296875,97.60195561958601,33.01308669139241
-2.4319300651550293,651,232.8000030517578,4501,225.5,96.43414575023064,33.01308669139241
-3.181832790374756,673,283.70001220703125,4500,262.1000061035156,96.61380880705454,33.01308669139241
-1.8005647659301758,711,221.6999969482422,4634,193.5,95.62566199452306,32.653760577744606
-1.9904804229736328,752,1321.300048828125,4088,241.39999389648438,100.38673300035653,33.73173891868803
-1.8032063245773315,676,433.79998779296875,4576,266,97.69178714799796,31.396119179977273
-0.5094842314720154,574,318.70001220703125,4657,228.10000610351563,91.94256932963303,31.30628765156532
-4.8607892990112305,741,783.5999755859375,4688,172,98.14094479005772,32.833423634568504
1.5883349180221558,677,495.29998779296875,4212,253,96.25448269340673,31.935108350448985
-4.0982513427734375,604,235.10000610351563,4785,185.3000030517578,94.27818906834378,32.833423634568504
-6.087491512298584,363,190.8000030517578,3852,186.5,99.57824924464896,38.492809924521495
-2.1532318592071533,617,782.9000244140625,4046,276.6000061035156,100.29690147194458,34.360559617571695
-1.2541180849075317,687,1191,4040,246,99.93757535829677,33.73173891868803
-0.6421290040016174,683,547.9000244140625,4683,241.6999969482422,97.87145020482187,30.13847778220994
-0.23299150168895721,643,295.8999938964844,4122,240.5,97.51212409117406,31.396119179977273
-4.417207717895508,557,245.8000030517578,4401,188.8000030517578,98.50027090370553,34.18089656074779
-5.01384162902832,711,724.79998779296875,4643,199.5,99.21892313100115,33.01308669139241
-1.6256940364837646,719,913.5999755859375,4748,173.10000610351563,96.79347186387844,31.30628765156532
2.0889554023742676,633,168.8000030517578,4018,263.70001220703125,97.33246103435016,31.485950708389225
-4.215880393981934,339,224.89999389648438,3862,272.79998779296875,99.21892313100115,37.50466311199002
-0.5859542489051819,757,1197,3898,173.8000030517578,94.63751518199159,30.228309310621896
-3.628472089767456,766,1255.0999755859375,4332,231.8000030517578,99.93757535829677,33.282581276628264
-2.262495279312134,527,382.20001220703125,4772,210.39999389648438,92.30189544328084,32.11477140727289
0.12122397869825363,704,320.70001220703125,4368,241.1999969482422,95.35616740928721,32.384265992508745
-2.6047658920288086,644,217.8000030517578,4480,232.39999389648438,96.43414575023064,33.102918219804366
-4.520063877105713,616,298.79998779296875,4346,200.89999389648438,99.3087546594131,34.27072808915974
-0.013353985734283924,653,166.1999969482422,4245,236.5,96.16465116499478,32.743592106156555
-2.9761836528778076,678,1169.800048828125,4320,206.5,99.57824924464896,33.552075861864125
-0.4435797929763794,495,481,4717,238.5,91.22391710233741,30.13847778220994
5.62778902053833,48,1.2000000476837158,2769,194.60000610351563,94.90700976722745,36.516516299458544
-5.74869966506958,385,382.8999938964844,3893,200.10000610351563,99.48841771623701,38.043652282461736
0.5077139735221863,703,216.39999389648438,4273,227.6999969482422,95.44599893769916,32.4740975209207
1.6171908378601074,717,1057.5999755859375,4462,254.8000030517578,96.52397727864258,31.30628765156532
0.038112103939056396,589,135.10000610351563,3965,191.10000610351563,96.79347186387844,33.37241280504022
-1.917709231376648,667,558.9000244140625,4264,276.3999938964844,98.32060784688163,33.102918219804366
-0.3331220746040344,620,613.4000244140625,4629,214.39999389648438,92.84088461375255,31.935108350448985
1.1207994222640991,658,282.79998779296875,4206,255.8000030517578,97.42229256276211,31.485950708389225
-1.9379879236221313,760,798.70001220703125,4586,201.3000030517578,94.27818906834378,30.318140839033845
0.01477657537907362,682,177.5,4349,252.6999969482422,95.98498810817087,32.56392904933265
-0.698205292224884,749,635.70001220703125,4683,265.29998779296875,94.27818906834378,31.396119179977273
1.6501843929290771,507,475.6000061035156,4735,243.3000030517578,91.58324321598522,29.958814725386038
-3.7529287338256836,544,631.5999755859375,4919,199.8000030517578,92.12223238645693,32.024939878860934
-2.877323627471924,743,1258.800048828125,4288,243.60000610351563,99.84774382988482,33.37241280504022
-1.1024928092956543,690,311.5,4585,202.60000610351563,96.61380880705454,32.384265992508745
0.15762461721897125,739,305.79998779296875,4416,255.6999969482422,97.42229256276211,32.833423634568504
-4.88077974319458,464,450.8999938964844,3891,236.8000030517578,100.38673300035653,37.684326168813925
-0.9079083204269409,694,572,4407,239.8000030517578,94.00869448310792,29.958814725386038
-2.2942094802856445,786,1276.5999755859375,4216,246.89999389648438,100.74605911400434,33.73173891868803
3.7777833938598633,535,275.6000061035156,3996,236.6999969482422,91.13408557392546,29.868983196974085
-0.17752300202846527,696,385.5,4174,276.6000061035156,98.76976548894139,32.833423634568504
-2.911167860031128,323,65.80000305175781,3725,302.70001220703125,99.48841771623701,37.41483158357807
-2.0830678939819336,611,484.1000061035156,4873,207.5,92.12223238645693,31.126624594741415
1.78516685962677,516,392.70001220703125,4435,256.79998779296875,91.49341168757326,29.958814725386038
-2.078549385070801,760,1247.5999755859375,4367,262.20001220703125,99.75791230147286,32.833423634568504
-3.157526969909668,786,1308.4000244140625,4400,219.3000030517578,100.29690147194458,33.37241280504022
-1.5766054391860962,573,355.29998779296875,4822,215.10000610351563,91.85273780122108,31.126624594741415
3.823655605316162,462,128.10000610351563,3946,202.1999969482422,91.13408557392546,29.150330969678468
-1.0036286115646362,648,602.70001220703125,4251,290.6000061035156,97.87145020482187,33.102918219804366
-4.439236640930176,311,156,3874,264.3999938964844,98.9494285457653,37.50466311199002
-2.32128643989563,749,1254.5,4749,178.60000610351563,96.43414575023064,31.126624594741415
-1.1860809326171875,672,237.3000030517578,4277,236.3000030517578,96.52397727864258,32.833423634568504
-1.3530327081680298,625,659.9000244140625,4829,172,92.7510530853406,31.845276822037032
-5.036252021789551,400,424.20001220703125,3832,249.6999969482422,99.75791230147286,37.50466311199002
-0.7431136965751648,708,1233.5,4522,237,96.43414575023064,31.485950708389225
-0.5272042155265808,757,567.4000244140625,4795,211.60000610351563,94.36802059675574,31.396119179977273
-2.954214096069336,662,1011,4410,230.39999389648438,99.57824924464896,33.641907390276074
-2.1503384113311768,532,371.8999938964844,4729,204,92.39172697169279,32.11477140727289
-5.651565074920654,486,415.8999938964844,4040,171.39999389648438,100.56639605718043,37.50466311199002
-0.8195583820343018,731,1120.9000244140625,4693,195.10000610351563,96.52397727864258,31.126624594741415
-0.028968926519155502,681,424.3999938964844,4365,272.3999938964844,97.33246103435016,31.30628765156532
-0.0746535137295723,746,230.60000610351563,4406,228.6999969482422,94.00869448310792,31.935108350448985
-2.876254081726074,661,257.29998779296875,4443,192.3000030517578,96.43414575023064,32.92325516298046
-6.460598945617676,553,314.70001220703125,4727,174,97.42229256276211,34.27072808915974
-2.6878504753112793,277,29.5,3711,175.39999389648438,98.76976548894139,37.05550546993026
-3.3599629402160645,739,1257.5999755859375,4356,214.8000030517578,99.66808077306091,33.282581276628264
-2.8281805515289307,686,1169.699951171875,4348,231.89999389648438,99.48841771623701,33.37241280504022
0.5619021058082581,686,901.20001220703125,4268,219.89999389648438,96.61380880705454,31.575782236801174
-4.973853588104248,491,121.5,4449,190.39999389648438,97.69178714799796,34.450391145983644
-0.08146589249372482,752,888.29998779296875,4053,304.6000061035156,99.21892313100115,32.294434464096796
0.3471079468727112,550,214.60000610351563,4520,194.60000610351563,91.85273780122108,31.396119179977273
-2.8277926445007324,566,581.70001220703125,4767,232.89999389648438,92.57139002851669,32.11477140727289
-4.189242362976074,655,314.3999938964844,4576,198.5,97.87145020482187,33.552075861864125
-3.0503733158111572,664,286.1000061035156,4565,266.20001220703125,98.50027090370553,33.102918219804366
-3.9539341926574707,721,378,4612,235,98.14094479005772,32.56392904933265
-0.3600028157234192,793,590.4000244140625,4684,203.8000030517578,95.53583046611111,31.396119179977273
-1.8030660152435303,660,198.5,4426,251.6999969482422,96.8833033922904,33.01308669139241
-2.3233580589294434,799,1271.5,4324,267.1000061035156,100.29690147194458,33.102918219804366
-3.203472852706909,669,1011.2000122070313,4363,217.60000610351563,99.39858618782506,33.46224433345217
-1.0915741920471191,694,967,4587,194.89999389648438,100.20706994353262,29.329994026502373
-6.094266891479492,628,312.3999938964844,4662,183.1999969482422,98.67993396052944,33.73173891868803
0.3821333646774292,558,228.8000030517578,4560,190.6999969482422,91.94256932963303,31.396119179977273
6.14394998550415,547,284.79998779296875,3847,246,91.31374863074936,29.68932014015018
-0.6205736994743347,687,299,4359,280.20001220703125,97.2426295059382,32.294434464096796
0.8476276397705078,664,826.20001220703125,4430,225.60000610351563,97.0629664491143,30.677466952681655
-1.6814324855804443,758,1134.300048828125,4426,274.3999938964844,99.39858618782506,32.4740975209207
-3.9318666458129883,448,74.69999694824219,4344,177.3000030517578,97.51212409117406,34.63005420280755
-1.5417042970657349,799,1205.199951171875,4139,257.5,100.92572217082824,33.641907390276074
-0.2349793016910553,710,257.79998779296875,4261,237,97.42229256276211,32.92325516298046
2.371178388595581,493,267.29998779296875,4309,230.8000030517578,91.0442540455135,29.868983196974085
-6.516445159912109,654,309.6000061035156,4646,204.39999389648438,98.50027090370553,33.73173891868803
0.42324790358543396,611,385.70001220703125,4178,300.5,98.05111326164577,33.192749748216315
-2.453294515609741,502,546.79998779296875,5169,225.10000610351563,90.6849279318657,31.036793066329466
-4.632918834686279,614,310.3999938964844,4561,206.60000610351563,96.8833033922904,33.82157044709998
-3.3903276920318604,732,1257.9000244140625,4345,224.8000030517578,99.75791230147286,33.37241280504022
1.028836965560913,494,514.5999755859375,4849,229.8000030517578,91.67307474439717,29.958814725386038
-0.6426153182983398,725,248.5,4523,238.6999969482422,95.89515657975892,32.4740975209207
-3.1071841716766357,814,1295,4391,264.3999938964844,100.74605911400434,33.37241280504022
-4.499544620513916,730,1270,4550,188,99.57824924464896,33.102918219804366
-2.17012619972229,764,1172.199951171875,4392,245.8000030517578,99.57824924464896,32.4740975209207
-0.5485016107559204,715,931.5,4533,284.29998779296875,97.60195561958601,31.036793066329466
-2.12929368019104,529,329,4738,182.3000030517578,92.39172697169279,32.20460293568484
-4.509054183959961,567,203.5,4404,190.60000610351563,98.41043937529358,34.001233503923885
-6.387808799743652,393,429.20001220703125,4125,224.6999969482422,99.3087546594131,37.774157697225874
-2.043745994567871,572,557.5,4649,215.60000610351563,92.57139002851669,31.935108350448985
-1.8006188869476318,559,540.70001220703125,4670,237.60000610351563,92.57139002851669,32.024939878860934
-2.358259916305542,782,1271.300048828125,4259,242,100.20706994353262,33.192749748216315
-2.2606277465820313,668,918.29998779296875,4339,270.79998779296875,97.96128173323382,33.01308669139241
-2.7580716609954834,663,248.10000610351563,4462,251.6999969482422,96.52397727864258,33.01308669139241
-0.9991698861122131,647,169.3000030517578,4547,279.1000061035156,96.8833033922904,32.833423634568504
7.3576579093933105,554,191.60000610351563,3694,198.89999389648438,91.0442540455135,29.59948861173823
-3.6125497817993164,672,339.6000061035156,4610,226.5,97.60195561958601,33.46224433345217
-6.420498847961426,387,444.5,4086,234.60000610351563,99.57824924464896,37.59449464040197
-2.0986478328704834,777,1303.9000244140625,4079,269.79998779296875,100.65622758559238,33.641907390276074
-3.0766525268554688,779,1332.199951171875,4366,243.60000610351563,100.38673300035653,33.641907390276074
-4.354388236999512,690,333,4620,222,97.42229256276211,31.845276822037032
-0.7421967387199402,659,816.9000244140625,4525,204.5,93.1103791989884,31.935108350448985
-0.30325376987457275,696,342.6000061035156,4577,213.3000030517578,97.33246103435016,31.66561376521313
-0.7879688739776611,759,1091.0999755859375,4247,296.8999938964844,99.75791230147286,32.653760577744606
2.0392539501190186,646,178.1999969482422,4043,254.10000610351563,96.43414575023064,32.384265992508745
2.5988993644714355,625,139.8000030517578,3935,257.6000061035156,96.43414575023064,32.294434464096796
-1.9662059545516968,483,806.29998779296875,5139,204.60000610351563,91.31374863074936,30.407972367445797
-3.8284647464752197,806,1318.800048828125,4373,250.1999969482422,100.65622758559238,33.46224433345217
3.052905797958374,562,243,4300,235.5,91.22391710233741,29.59948861173823
-5.162191867828369,414,430.79998779296875,4528,214.89999389648438,99.66808077306091,35.34870643010317
-1.3765647411346436,370,21.5,3093,230.89999389648438,100.11723841512067,38.31314686769759
-2.724461078643799,631,355.29998779296875,4512,207.39999389648438,98.41043937529358,33.282581276628264
-1.5357985496520996,675,1006.4000244140625,4152,241,99.66808077306091,33.73173891868803
1.908581018447876,656,204.39999389648438,4245,281.1000061035156,96.43414575023064,32.4740975209207
-2.1005890369415283,523,461.1000061035156,4984,231.39999389648438,90.95442251710155,31.216456123153367
-0.5774840712547302,718,1065.699951171875,4483,202.10000610351563,96.70364033546649,30.767298481093604
1.941245436668396,670,312.8999938964844,4354,244.89999389648438,97.96128173323382,29.958814725386038
-0.837891161441803,566,333.29998779296875,4590,224.5,92.03240085804498,31.66561376521313
-3.8547861576080322,687,337.20001220703125,4769,181.10000610351563,96.52397727864258,33.282581276628264
-4.181415557861328,397,350.20001220703125,3465,279.70001220703125,99.93757535829677,38.40297839610954
-3.294433116912842,520,480.70001220703125,4879,218.8000030517578,91.94256932963303,32.11477140727289
1.1502947807312012,767,1042.199951171875,4508,227.3000030517578,95.1765043524633,31.126624594741415
-2.3245182037353516,646,347.29998779296875,4332,262.29998779296875,97.60195561958601,33.282581276628264
0.1284380555152893,695,893.5999755859375,4187,254,96.61380880705454,31.396119179977273
-3.1224007606506348,651,365,4496,248.39999389648438,97.87145020482187,33.46224433345217
0.773649275302887,715,965,4554,230.89999389648438,96.61380880705454,31.126624594741415
-2.6066184043884277,636,371.1000061035156,4277,231.10000610351563,99.57824924464896,34.001233503923885
-0.9096879959106445,624,452.79998779296875,4619,226,92.30189544328084,31.216456123153367
0.656129002571106,711,889.20001220703125,4652,199.89999389648438,96.70364033546649,31.216456123153367
3.117810010910034,631,187.3000030517578,4237,288.6000061035156,96.97313492070235,31.845276822037032
1.7512856721878052,506,323.6000061035156,4393,258.1000061035156,91.13408557392546,30.04864625379799
-1.242950677871704,662,290.70001220703125,4512,249.39999389648438,96.97313492070235,33.192749748216315
-2.685865879058838,727,700.5999755859375,4510,264.70001220703125,98.76976548894139,32.653760577744606
-0.6090988516807556,704,185.89999389648438,4610,214.60000610351563,95.35616740928721,32.56392904933265
3.1699070930480957,423,166.3000030517578,4330,214.6999969482422,91.22391710233741,29.150330969678468
-4.084578037261963,696,369.6000061035156,4572,266.6000061035156,97.51212409117406,33.102918219804366
-1.524803638458252,685,1082.199951171875,4259,247.3000030517578,99.75791230147286,33.73173891868803
-3.50986647605896,554,390.79998779296875,4889,171.1999969482422,92.48155850010474,32.294434464096796
-3.5992515087127686,678,360,4483,259.1000061035156,97.51212409117406,33.192749748216315
1.894265055656433,738,823.70001220703125,4218,213.89999389648438,95.80532505134697,31.30628765156532
6.780585289001465,528,157,3699,194.89999389648438,90.95442251710155,29.509657083326275
-5.022324562072754,435,463.6000061035156,3934,261,100.02740688670872,37.684326168813925
-1.4340635538101196,624,557.5999755859375,4166,240.10000610351563,99.57824924464896,33.82157044709998
-4.395369529724121,287,127.0999984741211,3912,230.89999389648438,98.76976548894139,37.50466311199002
-1.8885611295700073,783,1213.699951171875,4277,275.3999938964844,100.02740688670872,32.92325516298046
-4.58197546005249,629,630.29998779296875,4419,221.3000030517578,100.02740688670872,34.360559617571695
-5.928437232971191,628,315.1000061035156,4663,221.1999969482422,98.41043937529358,33.641907390276074
0.8067581653594971,668,179.5,4044,254.3000030517578,97.15279797752625,33.01308669139241
-4.986417293548584,624,305,4500,198.5,98.14094479005772,33.73173891868803
-1.918790578842163,622,254.1999969482422,4267,245.39999389648438,98.05111326164577,33.46224433345217
-1.372412085533142,716,452.8999938964844,4627,225.6999969482422,95.71549352293502,32.294434464096796
-1.0654834508895874,716,1163.5999755859375,4165,275.5,99.48841771623701,32.833423634568504
-2.0778229236602783,675,1141.199951171875,4126,274.1000061035156,100.38673300035653,34.18089656074779
0.08643000572919846,666,329.3999938964844,4469,293.5,96.8833033922904,31.845276822037032
-6.612710952758789,579,321.3999938964844,4772,174.3000030517578,97.42229256276211,34.18089656074779
-1.0474294424057007,587,369.79998779296875,4770,211.1999969482422,92.03240085804498,31.216456123153367
-1.5475804805755615,656,474.29998779296875,4868,246.1999969482422,97.87145020482187,29.779151668562132
0.9689001441001892,693,1014.2999877929688,4366,231.39999389648438,96.43414575023064,31.66561376521313
-0.4650641083717346,560,293.3999938964844,4577,218.1999969482422,91.85273780122108,31.575782236801174
-1.224995493888855,709,531.0999755859375,4486,218.1999969482422,96.25448269340673,32.11477140727289
-0.8331707715988159,650,806.5999755859375,4104,249.5,99.66808077306091,33.82157044709998
-1.7608457803726196,617,525,4161,241,99.3087546594131,33.73173891868803
-0.4212585985660553,713,1162.300048828125,4416,244.89999389648438,96.34431422181868,31.396119179977273
-2.6869847774505615,789,1238,4347,277.8999938964844,99.93757535829677,32.653760577744606
-3.2993555068969727,694,1121.5,4442,212.39999389648438,99.66808077306091,33.641907390276074
-4.085391044616699,543,623.9000244140625,4984,205.10000610351563,91.94256932963303,32.024939878860934
-4.108175277709961,639,305.6000061035156,4458,226.5,97.2426295059382,33.641907390276074
0.06422692537307739,371,225.5,4720,216.60000610351563,92.39172697169279,28.701173327618704
-1.6429634094238281,676,283.20001220703125,4322,277.6000061035156,97.15279797752625,32.384265992508745
5.234028339385986,690,248.6999969482422,3474,217.6999969482422,98.05111326164577,29.958814725386038
-5.131821155548096,495,160.8000030517578,4548,204.6999969482422,97.78161867640992,34.450391145983644
-3.9382433891296387,616,309.79998779296875,4359,222.3000030517578,98.9494285457653,33.641907390276074
-3.2349116802215576,592,242.5,4286,202.3000030517578,98.9494285457653,33.82157044709998
-0.6776708364486694,689,1006.2000122070313,4604,215.8000030517578,100.20706994353262,29.24016249809042
-0.6797742247581482,700,211.3000030517578,4270,192.1999969482422,95.71549352293502,32.653760577744606
-2.1788575649261475,396,77.5,4133,235,99.57824924464896,35.169043373279266
-3.425273895263672,791,1243.199951171875,4541,265.3999938964844,99.66808077306091,32.56392904933265
-3.2292447090148926,814,1256.800048828125,4388,253.39999389648438,100.83589064241629,33.37241280504022
-2.1297378540039063,748,1195.300048828125,4230,277.29998779296875,100.83589064241629,34.001233503923885
-4.732403755187988,575,213.6999969482422,4479,193.60000610351563,98.32060784688163,34.001233503923885
-4.65701961517334,652,318,4604,204,98.14094479005772,33.552075861864125
6.152426242828369,477,145.10000610351563,3979,222.89999389648438,91.0442540455135,29.24016249809042
-3.2762229442596436,779,1252,4394,239.10000610351563,100.02740688670872,33.192749748216315
5.634783744812012,510,241,4157,278.6000061035156,91.58324321598522,29.868983196974085
-3.4518213272094727,598,290.3999938964844,4329,203.8000030517578,98.85959701735334,33.911401975511936
6.483695983886719,432,230.1999969482422,3971,298.6000061035156,92.7510530853406,29.060499441266515
-0.19194568693637848,683,427.8999938964844,4470,237.5,96.34431422181868,31.935108350448985
-3.2214393615722656,655,1003.5,4208,283.3999938964844,100.29690147194458,34.27072808915974
1.623117208480835,404,149.89999389648438,4626,203.10000610351563,91.94256932963303,29.329994026502373
-4.551161766052246,716,339.6000061035156,4588,212.1999969482422,97.87145020482187,32.294434464096796
-5.257351875305176,723,566.4000244140625,4716,175.1999969482422,99.1290916025892,33.01308669139241
-2.1588501930236816,816,1265.4000244140625,4231,289.29998779296875,100.92572217082824,33.192749748216315
-2.877037763595581,787,1280.4000244140625,4261,257.3999938964844,100.74605911400434,33.641907390276074
-0.6667543649673462,648,169.10000610351563,4580,260.3999938964844,97.33246103435016,31.575782236801174
-2.1625242233276367,641,221.3000030517578,4286,220.6999969482422,96.79347186387844,33.282581276628264
1.2832024097442627,636,102.5,4199,232.89999389648438,96.16465116499478,32.56392904933265
-1.6614220142364502,713,1204,4315,245.60000610351563,99.84774382988482,33.641907390276074
-3.050130605697632,796,1339.4000244140625,4345,274,100.56639605718043,33.46224433345217
-1.714016318321228,697,661.0999755859375,4822,205.1999969482422,97.60195561958601,30.318140839033845
0.6085856556892395,664,195.39999389648438,4347,246.8000030517578,96.25448269340673,32.56392904933265
-1.6367751359939575,798,1207.199951171875,4130,283.79998779296875,100.92572217082824,33.552075861864125
-3.633723020553589,674,1142.300048828125,4321,248.10000610351563,100.20706994353262,34.091065032335834
5.13611364364624,765,1193,3151,627.9000244140625,103.261341909539,31.845276822037032
9.401036262512207,1128,1101.199951171875,3518,844.20001220703125,96.97313492070235,28.252015685558945
-1.7475420236587524,605,867.0999755859375,3886,326.5,102.00370051177167,35.258874901691215
-0.5788939595222473,623,1039.199951171875,3783,357.3999938964844,102.09353204018362,35.07921184486731
8.35103988647461,739,814.5999755859375,3242,959.9000244140625,101.01555369924019,28.162184157146996
1.9090690612792969,766,1210.5999755859375,3194,395.3999938964844,103.17151038112704,31.845276822037032
0.5176483392715454,625,1022.7999877929688,3599,383.20001220703125,101.73420592653581,34.809717259631455
2.5171098709106445,618,726.0999755859375,3351,467.70001220703125,103.08167885271509,34.5402226743956
20.73484230041504,1846,2257.60009765625,883,1409.5,94.54768365357964,28.07235262873504
-2.1082255840301514,399,97.19999694824219,3225,431.3999938964844,102.72235273906728,37.235168526754165
1.9614543914794922,652,1131.699951171875,4065,517.0999755859375,98.67993396052944,28.162184157146996
2.665931224822998,734,564.29998779296875,3464,389.70001220703125,102.36302662541948,33.37241280504022
6.71186637878418,711,972.5999755859375,3617,519.79998779296875,100.92572217082824,28.611341799206755
3.3985157012939453,745,665.9000244140625,3881,413.29998779296875,100.74605911400434,31.575782236801174
5.690816879272461,789,1834.4000244140625,3422,738.79998779296875,95.71549352293502,29.509657083326275
8.59561824798584,622,744.20001220703125,2910,1000.2999877929688,99.66808077306091,26.72487970255576
5.93793249130249,570,330.79998779296875,4103,465.3999938964844,99.39858618782506,28.701173327618704
1.6626404523849487,702,513.9000244140625,4364,378.70001220703125,98.50027090370553,30.228309310621896
2.0096302032470703,611,399.1000061035156,4345,344.6000061035156,98.67993396052944,29.59948861173823
19.684648513793945,1798,2069.5,1335,1336.199951171875,94.18835753993183,27.802858043499185
4.778895854949951,407,44.599998474121094,2603,366.3999938964844,101.64437439812386,36.516516299458544
4.631860256195068,748,1525.5999755859375,3590,576.9000244140625,98.50027090370553,27.892689571911138
5.265397071838379,575,275.6000061035156,3385,539.5999755859375,98.67993396052944,29.150330969678468
0.8805410265922546,586,814.29998779296875,3457,426.3999938964844,103.35117343795095,34.98938031645536
0.4625624418258667,447,288.6000061035156,3157,476.79998779296875,102.45285815383143,36.69617935628245
19.724563598632813,1829,2146,1460,1132.5999755859375,94.27818906834378,28.07235262873504
21.150074005126953,2057,2206.199951171875,521,1244.0999755859375,94.27818906834378,27.98252110032309
11.874086380004883,972,1285.800048828125,2775,762.5999755859375,93.73919989787207,28.252015685558945
12.56190299987793,928,1329.4000244140625,2416,886.9000244140625,94.36802059675574,28.701173327618704
1.6904493570327759,586,766.5999755859375,3410,392.6000061035156,102.72235273906728,34.98938031645536
0.9988343715667725,547,441.1000061035156,3321,385.3999938964844,103.4410049663629,35.07921184486731
3.6685705184936523,742,535.9000244140625,3836,414.29998779296875,100.74605911400434,30.407972367445797
10.273179054260254,855,1000.5999755859375,2757,967.4000244140625,101.55454286971191,28.162184157146996
-1.2315641641616821,562,878.9000244140625,3827,330.1000061035156,101.1952167560641,35.169043373279266
18.29551124572754,1743,1770.699951171875,1545,1042.699951171875,93.55953684104816,27.892689571911138
7.0437469482421875,555,359.5,3776,475.1000061035156,99.75791230147286,28.701173327618704
4.830601215362549,743,640.9000244140625,3789,430.70001220703125,100.65622758559238,31.485950708389225
-0.12964628636837006,809,1355.0999755859375,3892,495.3999938964844,103.35117343795095,31.75544529362508
18.474586486816406,1619,1493.199951171875,1367,1364.9000244140625,92.9307161421645,27.62319498667528
-0.5686345100402832,852,1129.199951171875,4266,348.20001220703125,101.82403745494776,31.935108350448985
11.2776517868042,650,526.70001220703125,2487,948.0999755859375,99.57824924464896,27.53336345826333
1.2686463594436646,766,900,3548,393.29998779296875,101.82403745494776,33.641907390276074
4.16377592086792,854,1359.300048828125,3987,423.3999938964844,97.15279797752625,28.252015685558945
6.117246627807617,739,1108.199951171875,3623,720.4000244140625,101.1952167560641,28.162184157146996
16.668006896972656,1391,1665.0999755859375,1605,1208.0999755859375,93.20021072740036,27.353700401439426
2.080097198486328,654,734.9000244140625,3540,382.1000061035156,102.81218426747924,34.091065032335834
2.9393467903137207,612,992.79998779296875,4029,733.5999755859375,92.12223238645693,27.62319498667528
13.346329689025879,970,838.5999755859375,1762,1209.4000244140625,98.85959701735334,26.994374287791615
19.006689071655273,1667,1854.9000244140625,1260,1184,93.82903142628402,27.98252110032309
5.571752071380615,548,809.0999755859375,3569,713.70001220703125,99.75791230147286,27.98252110032309
1.69369637966156,791,1153.300048828125,3586,388.5,103.261341909539,32.743592106156555
6.555091857910156,687,408.70001220703125,3584,451.8999938964844,98.50027090370553,28.611341799206755
5.869566917419434,885,1030.0999755859375,3651,850,101.82403745494776,28.79100485603066
17.725467681884766,1205,1474.9000244140625,1708,1336.800048828125,92.48155850010474,27.353700401439426
1.9585314989089966,768,981.0999755859375,3781,431.8999938964844,102.09353204018362,32.384265992508745
1.9707906246185303,453,165.6999969482422,2867,483.8999938964844,102.00370051177167,36.24702171422269
2.1106269359588623,730,652.70001220703125,4273,365.1000061035156,100.56639605718043,30.04864625379799
5.971266269683838,1030,1375.199951171875,3642,769.70001220703125,96.52397727864258,28.43167874238285
1.1859681606292725,637,836.5999755859375,3443,390.5,102.99184732430314,34.360559617571695
2.0379974842071533,785,938.70001220703125,3812,401.8999938964844,101.91386898335972,32.4740975209207
1.982667088508606,800,1071.199951171875,3815,387.70001220703125,102.09353204018362,32.294434464096796
9.832233428955078,626,649.20001220703125,2994,924.70001220703125,99.48841771623701,27.084205816203568
20.79940414428711,1955,2024.199951171875,919,1092.5999755859375,94.18835753993183,27.62319498667528
12.569247245788574,765,546.5,2115,884.20001220703125,99.1290916025892,26.635048174143805
-0.18873323500156403,809,979.4000244140625,3870,344,101.64437439812386,33.46224433345217
2.279618501663208,704,619.70001220703125,4309,380.20001220703125,100.38673300035653,29.958814725386038
2.3991782665252686,714,817.70001220703125,3470,405.29998779296875,102.99184732430314,33.46224433345217
9.109504699707031,1248,1121.199951171875,3689,1064.800048828125,96.97313492070235,28.162184157146996
1.982177495956421,351,15.899999618530273,2681,548.9000244140625,102.45285815383143,36.965673941518304
18.551252365112305,1824,1568.199951171875,1065,1442.699951171875,93.02054767057645,27.713026515087233
15.858904838562012,1466,1631.199951171875,2194,922,93.82903142628402,28.341847213970897
3.392181873321533,741,577.5999755859375,4114,466.8999938964844,100.65622758559238,30.13847778220994
2.3393006324768066,797,1699.300048828125,4053,470.29998779296875,96.34431422181868,28.521510270794803
1.6692818403244019,738,790.5999755859375,3717,401.6000061035156,102.27319509700752,32.92325516298046
7.684779167175293,677,600.20001220703125,2700,770.5,98.9494285457653,28.07235262873504
0.941628098487854,752,757.4000244140625,4269,385.70001220703125,100.47656452876848,31.126624594741415
0.43221423029899597,783,1167.199951171875,4162,351.3999938964844,101.01555369924019,31.396119179977273
12.09960651397705,926,881.9000244140625,2102,807.20001220703125,101.91386898335972,28.611341799206755
9.424654006958008,1161,1235.199951171875,3392,771.29998779296875,95.98498810817087,28.970667912854566
10.835345268249512,587,929.79998779296875,3157,1015.7000122070313,99.75791230147286,27.26386887302747
10.389623641967773,891,897.5999755859375,2525,938.29998779296875,101.64437439812386,28.252015685558945
2.5389866828918457,799,1238.4000244140625,3349,497,103.53083649477485,32.653760577744606
-0.6061891913414001,518,372.20001220703125,3299,403.6000061035156,101.82403745494776,37.235168526754165
1.0792107582092285,645,992.4000244140625,3644,359.79998779296875,102.36302662541948,34.450391145983644
3.5842151641845703,721,656.29998779296875,3453,407.79998779296875,102.00370051177167,32.743592106156555
-0.07253948599100113,826,1313.5999755859375,3853,357.29998779296875,103.4410049663629,33.01308669139241
7.763157367706299,574,514.5999755859375,3642,800,99.48841771623701,27.98252110032309
10.406875610351563,1071,1378.300048828125,2880,881.70001220703125,98.32060784688163,27.98252110032309
1.061048984527588,793,937.20001220703125,4371,382.6000061035156,100.92572217082824,29.150330969678468
10.788480758666992,640,601.29998779296875,2936,955.20001220703125,99.48841771623701,26.635048174143805
10.528697967529297,908,915.9000244140625,2773,853.29998779296875,101.73420592653581,28.521510270794803
9.625843048095703,612,339.5,2876,936.70001220703125,100.11723841512067,27.802858043499185
5.478819370269775,790,701.70001220703125,3124,522,101.10538522765214,28.970667912854566
15.700605392456055,935,1210.699951171875,2690,884.4000244140625,93.91886295469598,28.43167874238285
2.086153268814087,763,954.4000244140625,3593,604.5,101.55454286971191,31.126624594741415
7.578024387359619,697,754.29998779296875,3552,891,99.03926007417724,27.17403734461552
1.3081564903259277,637,1065.5,3441,424.20001220703125,103.35117343795095,34.360559617571695
12.184412956237793,767,570.9000244140625,2138,981.4000244140625,99.1290916025892,26.72487970255576
-0.5418034791946411,500,158.6999969482422,3222,436.79998779296875,101.82403745494776,37.14533699834221
1.6817072629928589,614,759.5,3516,352,102.27319509700752,34.63005420280755
1.2258100509643555,768,765.5999755859375,3835,373.29998779296875,102.36302662541948,33.192749748216315
4.402031898498535,716,919.4000244140625,3981,564.20001220703125,101.01555369924019,28.701173327618704
2.6845438480377197,736,703.5,3469,411.1000061035156,102.90201579589119,33.192749748216315
-1.0854549407958984,427,67.4000015258789,3152,416.3999938964844,102.27319509700752,37.235168526754165
5.989421367645264,729,751.9000244140625,3458,712.70001220703125,98.85959701735334,27.98252110032309
0.8520168662071228,828,1236.4000244140625,3972,417.8999938964844,103.35117343795095,32.20460293568484
3.7019011974334717,721,686.4000244140625,3832,502,100.83589064241629,28.701173327618704
6.407566547393799,545,582.0999755859375,3454,643,99.75791230147286,27.802858043499185
0.41402265429496765,731,1037.9000244140625,3564,356,101.73420592653581,34.18089656074779
1.856997013092041,777,1466.9000244140625,3833,482.79998779296875,103.97999413683462,33.641907390276074
4.249589920043945,554,1121.5999755859375,3768,830.5,99.66808077306091,27.53336345826333
-1.7123085260391235,511,407.20001220703125,3641,398.5,101.1952167560641,36.875842413106355
1.3781282901763916,816,1149.5999755859375,3837,423.8999938964844,103.17151038112704,32.653760577744606
12.779324531555176,1184,1495.5,2804,831.29998779296875,93.55953684104816,28.341847213970897
8.134339332580566,864,1153.5999755859375,3525,827.4000244140625,101.64437439812386,27.98252110032309
10.400084495544434,838,1096.5999755859375,2734,994.5,93.1103791989884,28.162184157146996
4.320230007171631,784,1434.5,3112,581.5999755859375,103.71049955159876,32.384265992508745
4.5054755210876465,609,1213.300048828125,3905,791.5999755859375,100.11723841512067,27.98252110032309
9.832901954650879,701,673.5,3228,1016.5,98.9494285457653,27.53336345826333
5.605851173400879,744,941,3174,471.70001220703125,102.45285815383143,31.126624594741415
5.131850719451904,544,601.20001220703125,3824,853.29998779296875,99.66808077306091,27.713026515087233
-2.7682175636291504,562,734.79998779296875,4238,318.70001220703125,102.72235273906728,35.528369486927076
6.305227756500244,741,553,3816,553.5,100.56639605718043,30.407972367445797
1.2703882455825806,779,1074.0999755859375,4059,387.3999938964844,101.01555369924019,31.575782236801174
6.138091087341309,567,323.8999938964844,3846,640.4000244140625,99.48841771623701,29.060499441266515
0.9320389032363892,756,1386.699951171875,3431,557.4000244140625,103.71049955159876,33.46224433345217
18.993669509887695,1506,1854.300048828125,977,1388.800048828125,95.1765043524633,28.341847213970897
0.5360043048858643,639,1043.0999755859375,3638,372,101.73420592653581,34.719885731219506
3.2651426792144775,459,265.8999938964844,2817,459.1000061035156,102.09353204018362,36.157190185810734
20.76924705505371,1651,2192.199951171875,650,1318.199951171875,94.63751518199159,28.07235262873504
6.5128703117370605,889,1635.199951171875,2099,744.5,103.80033108001071,31.575782236801174
2.271977424621582,800,1331.0999755859375,3537,608.5999755859375,103.53083649477485,32.11477140727289
9.541604042053223,619,1349,3027,840.5999755859375,93.29004225581231,28.252015685558945
3.579700231552124,590,1124.199951171875,4120,634.5,99.93757535829677,27.62319498667528
10.29547119140625,607,570.0999755859375,2786,939.5999755859375,99.39858618782506,27.713026515087233
13.035566329956055,1104,1594.300048828125,2053,995.5,95.53583046611111,28.611341799206755
-0.4541773200035095,790,1303.5999755859375,3739,364.70001220703125,103.53083649477485,33.37241280504022
5.4633636474609375,738,650.79998779296875,3685,404.8999938964844,100.74605911400434,31.30628765156532
13.865859031677246,970,1250.5999755859375,1913,848.70001220703125,95.1765043524633,29.150330969678468
1.2519458532333374,771,773.70001220703125,4376,426.79998779296875,100.83589064241629,30.407972367445797
2.417840003967285,572,547.29998779296875,3167,422.3999938964844,103.17151038112704,34.809717259631455
-0.7626811861991882,501,356.8999938964844,3350,439.20001220703125,101.28504828447605,36.875842413106355
2.532474994659424,692,904.70001220703125,3469,333.8999938964844,102.45285815383143,34.001233503923885
2.7006187438964844,587,563.9000244140625,4428,546,99.39858618782506,29.329994026502373
5.804284572601318,664,415.79998779296875,3669,387.6000061035156,99.03926007417724,29.868983196974085
1.4445295333862305,836,1007.4000244140625,3752,386,101.01555369924019,32.20460293568484
15.3987455368042,1704,1589.0999755859375,2337,939.0999755859375,93.29004225581231,28.162184157146996
7.1196699142456055,894,1236.4000244140625,3618,767.29998779296875,101.64437439812386,27.892689571911138
0.21655096113681793,604,1053.0999755859375,3638,378.8999938964844,101.73420592653581,34.98938031645536
1.252206802368164,774,1004.2000122070313,3904,337.6000061035156,101.10538522765214,31.396119179977273
0.5358201861381531,793,922.0999755859375,4082,337,100.11723841512067,32.11477140727289
2.825352907180786,717,514.29998779296875,3440,383.70001220703125,102.45285815383143,33.46224433345217
-2.1551246643066406,477,352.79998779296875,3580,421.1000061035156,102.36302662541948,36.786010884694406
1.9303925037384033,614,661.0999755859375,3421,362.6000061035156,102.54268968224338,34.5402226743956
5.193289279937744,753,798.0999755859375,3604,395.20001220703125,101.46471134129996,30.49780389585775
-0.3671138286590576,812,1038.699951171875,3959,345.8999938964844,101.55454286971191,33.37241280504022
1.52939772605896,675,978.5999755859375,3591,381.3999938964844,102.54268968224338,34.18089656074779
-0.5314815640449524,676,1228,3503,350.79998779296875,103.71049955159876,34.18089656074779
2.2919867038726807,548,460.5,3318,374,102.63252121065533,35.169043373279266
5.967353343963623,996,1401.9000244140625,4037,703.9000244140625,95.71549352293502,29.419825554914325
2.123507499694824,593,646.20001220703125,3390,438.20001220703125,103.4410049663629,34.809717259631455
-0.4094579517841339,710,1081.5999755859375,3916,326.8999938964844,101.28504828447605,34.450391145983644
2.5283334255218506,697,543.9000244140625,3734,513.5999755859375,99.03926007417724,31.126624594741415
5.75913667678833,668,560.5999755859375,3445,692.0999755859375,98.9494285457653,28.162184157146996
4.780223369598389,425,25.899999618530273,2531,403.8999938964844,101.91386898335972,36.786010884694406
17.424604415893555,1437,1723.800048828125,2011,1108.800048828125,94.72734671040354,28.521510270794803
-3.258425235748291,568,819.0999755859375,4176,407.5,102.63252121065533,35.528369486927076
1.9856646060943604,657,795.9000244140625,3517,401,102.99184732430314,33.82157044709998
5.827622890472412,761,552.0999755859375,4048,525.4000244140625,100.65622758559238,30.318140839033845
3.213850259780884,755,592,3569,405.1000061035156,102.09353204018362,33.192749748216315
-0.9135499000549316,810,1303.699951171875,4164,314,103.17151038112704,31.75544529362508
9.106755256652832,619,827.0999755859375,3572,834,100.29690147194458,27.98252110032309
4.188260078430176,786,1541.5999755859375,3323,503.29998779296875,103.97999413683462,33.46224433345217
18.63300132751465,1623,1839.300048828125,1179,1297.4000244140625,95.1765043524633,28.521510270794803
2.3552141189575195,745,812.20001220703125,3666,413.6000061035156,102.45285815383143,32.833423634568504
3.891028642654419,720,473.70001220703125,3991,580,100.65622758559238,30.49780389585775
1.8644142150878906,623,870.70001220703125,3440,404.1000061035156,103.17151038112704,34.450391145983644
3.779662847518921,588,1105.800048828125,3777,621.5999755859375,99.93757535829677,27.892689571911138
0.6461812257766724,807,1380.0999755859375,4059,338.3999938964844,102.36302662541948,30.587635424269703
10.347457885742188,649,583.0999755859375,2829,1108.0999755859375,99.39858618782506,27.53336345826333
0.47663015127182007,610,975.70001220703125,3588,377,102.27319509700752,34.98938031645536
1.428006887435913,591,923,3511,435.70001220703125,103.17151038112704,34.899548788043404
6.86077880859375,608,921.29998779296875,4162,766,100.11723841512067,27.713026515087233
5.353885173797607,411,33.5,2575,377.29998779296875,101.55454286971191,36.69617935628245
1.5062451362609863,786,960.9000244140625,4416,369.70001220703125,100.65622758559238,31.30628765156532
16.003297805786133,1158,1479.199951171875,2266,1034.199951171875,94.54768365357964,28.43167874238285
3.6659677028656006,776,790.4000244140625,3805,376.20001220703125,101.46471134129996,30.228309310621896
6.768942832946777,536,345.29998779296875,3403,427.8999938964844,99.66808077306091,27.802858043499185
9.819014549255371,767,1527.5,2988,614.5,95.1765043524633,28.970667912854566
2.8169655799865723,743,932.20001220703125,3570,425.8999938964844,102.36302662541948,32.56392904933265
6.608222484588623,541,577.5,3345,831,99.66808077306091,28.162184157146996
5.729713439941406,679,774.4000244140625,3480,827.0999755859375,100.74605911400434,28.252015685558945
1.8052878379821777,688,466.6000061035156,4345,355.29998779296875,98.59010243211748,30.04864625379799
21.29091453552246,1877,1985.5999755859375,683,1570.0999755859375,92.7510530853406,27.17403734461552
15.421712875366211,1640,1533.5,1606,1187.5999755859375,93.20021072740036,27.98252110032309
20.95464324951172,1979,2089.699951171875,912,1181.5999755859375,93.02054767057645,27.084205816203568
4.039119243621826,446,65.19999694824219,2639,414.5,101.55454286971191,36.786010884694406
1.2982168197631836,762,702.0999755859375,4094,426.70001220703125,100.83589064241629,30.49780389585775
17.079010009765625,1601,1871.800048828125,1607,965.0999755859375,93.55953684104816,27.353700401439426
5.09702205657959,767,1413.9000244140625,3463,572.29998779296875,103.08167885271509,30.85713000950556
1.226057767868042,662,1052.199951171875,3730,318.79998779296875,102.90201579589119,34.27072808915974
4.563559532165527,720,1196.0999755859375,3144,621,103.97999413683462,33.552075861864125
3.6346709728240967,420,39.099998474121094,2618,441.70001220703125,102.00370051177167,36.875842413106355
9.217763900756836,855,1368.5999755859375,2620,819.0999755859375,103.53083649477485,31.396119179977273
0.5556516647338867,829,1240.800048828125,3810,391.20001220703125,103.4410049663629,32.743592106156555
15.749265670776367,1437,1438.5999755859375,2246,1101.800048828125,93.29004225581231,27.98252110032309
-2.2291228771209717,840,1233.5999755859375,4505,332.3999938964844,101.55454286971191,31.396119179977273
0.39946919679641724,705,1076.9000244140625,3702,342.1000061035156,101.374879812888,34.360559617571695
6.934293270111084,820,1132.699951171875,2869,506.1000061035156,97.0629664491143,28.611341799206755
6.324649333953857,790,904.9000244140625,3820,594.5,101.82403745494776,31.845276822037032
9.636970520019531,843,1459.300048828125,2730,769.29998779296875,103.80033108001071,31.75544529362508
5.109806537628174,645,844.9000244140625,3802,693.5999755859375,100.20706994353262,27.17403734461552
1.651241660118103,717,970.20001220703125,3429,360.29998779296875,101.64437439812386,34.18089656074779
5.501862049102783,805,1349.0999755859375,3218,818.5,103.6206680231868,31.75544529362508
-1.160177230834961,743,984.9000244140625,4474,354.70001220703125,99.48841771623701,31.216456123153367
5.859226226806641,805,1116.9000244140625,3645,464.5,103.17151038112704,32.294434464096796
8.409493446350098,617,742.5,3062,846.5999755859375,99.39858618782506,27.26386887302747
-0.45581892132759094,718,1050.0999755859375,3815,346.8999938964844,101.73420592653581,34.360559617571695
5.373651504516602,548,383.6000061035156,4091,621.5,99.21892313100115,28.79100485603066
13.1862211227417,1186,1334.9000244140625,2360,994.4000244140625,95.80532505134697,28.79100485603066
7.7690019607543945,862,1528.5,3576,593,95.62566199452306,28.970667912854566
12.672832489013672,1162,1341.9000244140625,2468,1028.199951171875,98.32060784688163,27.802858043499185
6.522728443145752,574,548.9000244140625,3393,708.5999755859375,99.57824924464896,28.252015685558945
6.561806678771973,651,1067.199951171875,3827,702.70001220703125,99.03926007417724,26.994374287791615
-0.008992604911327362,818,1251.800048828125,3895,364.20001220703125,103.35117343795095,33.01308669139241
17.5372314453125,1722,1668.0999755859375,1324,1168.199951171875,94.9968412956394,28.970667912854566
8.463579177856445,733,668.5999755859375,2702,599.20001220703125,102.09353204018362,31.575782236801174
1.9015626907348633,443,116.80000305175781,2949,465.1000061035156,101.91386898335972,36.24702171422269
20.281648635864258,1788,2057,1337,1040.5999755859375,94.00869448310792,27.802858043499185
11.3623685836792,1128,1807.5,2032,736.29998779296875,94.54768365357964,28.970667912854566
0.15822730958461761,515,567.79998779296875,3701,396,100.74605911400434,35.07921184486731
3.4991331100463867,811,1730.5999755859375,4014,513.4000244140625,96.34431422181868,28.43167874238285
9.517946243286133,810,1077.199951171875,2804,888.70001220703125,101.374879812888,27.802858043499185
2.246657609939575,762,837.70001220703125,3527,408.20001220703125,103.08167885271509,33.102918219804366
14.782742500305176,1461,1523.4000244140625,1734,663.5,95.1765043524633,29.329994026502373
13.336365699768066,1348,1468.5,2226,1069.5999755859375,96.16465116499478,28.341847213970897
7.740230083465576,625,856.4000244140625,3366,1010.4000244140625,99.21892313100115,27.443531929851375
2.7545671463012695,562,861.0999755859375,3758,562.4000244140625,99.66808077306091,28.43167874238285
7.73759651184082,811,1844.5999755859375,3071,573,94.45785212516769,28.970667912854566
1.8967978954315186,598,707.20001220703125,3316,389.70001220703125,102.54268968224338,34.809717259631455
4.8191633224487305,699,591.0999755859375,4012,495.70001220703125,101.10538522765214,30.767298481093604
7.8427958488464355,714,685.9000244140625,2910,830.79998779296875,100.83589064241629,28.341847213970897
2.0776426792144775,764,906.5999755859375,3502,402.1000061035156,101.73420592653581,33.73173891868803
2.34304141998291,771,733.70001220703125,3993,389.70001220703125,100.74605911400434,31.66561376521313
1.3425607681274414,667,957.79998779296875,3757,316.20001220703125,102.81218426747924,34.001233503923885
10.221429824829102,634,536.79998779296875,2806,813.79998779296875,100.29690147194458,27.62319498667528
3.4932804107666016,442,64.9000015258789,2621,425,101.46471134129996,36.786010884694406
1.8757833242416382,745,860.5999755859375,3700,389,102.72235273906728,32.92325516298046
7.365424156188965,614,931.5999755859375,3582,840,99.1290916025892,27.62319498667528
2.477306365966797,754,754.20001220703125,3625,413.29998779296875,102.18336356859557,33.102918219804366
1.6735128164291382,800,1194.4000244140625,3565,394,103.35117343795095,32.743592106156555
2.834063768386841,730,631.4000244140625,3524,388,102.72235273906728,33.282581276628264
0.3007439374923706,782,1225,3713,385.1000061035156,103.35117343795095,33.282581276628264
2.341456413269043,774,1128,4165,524.0999755859375,102.18336356859557,30.94696153791751
19.889493942260742,1403,2045.4000244140625,937,875.4000244140625,94.9968412956394,28.07235262873504
10.819635391235352,855,1212.9000244140625,2645,834.4000244140625,93.46970531263621,28.43167874238285
-2.3619956970214844,508,388.6000061035156,3764,363.29998779296875,102.09353204018362,37.05550546993026
2.328423023223877,694,440,4087,450.1000061035156,98.67993396052944,31.485950708389225
12.709250450134277,950,1233.199951171875,2455,789.5999755859375,95.1765043524633,28.88083638444261
1.1987404823303223,785,1037.4000244140625,4032,495,101.82403745494776,31.75544529362508
9.18190860748291,718,1045,3211,1034.199951171875,98.76976548894139,27.713026515087233
4.898890972137451,861,826.20001220703125,3693,665.79998779296875,101.55454286971191,28.970667912854566
2.588463544845581,659,398,4041,515.5999755859375,98.67993396052944,31.036793066329466
1.683048129081726,793,892.79998779296875,3622,403.79998779296875,101.82403745494776,33.37241280504022
7.068687438964844,723,680.4000244140625,3115,794,100.83589064241629,28.43167874238285
8.003314018249512,743,801.4000244140625,3528,634.9000244140625,101.1952167560641,28.79100485603066
-1.1161744594573975,574,952.5999755859375,3793,348.5,101.374879812888,35.169043373279266
9.880417823791504,784,526.4000244140625,2594,811,99.03926007417724,27.802858043499185
0.014777163043618202,722,857.0999755859375,4399,366.1000061035156,99.39858618782506,31.126624594741415
4.066464424133301,664,946.79998779296875,4152,705.29998779296875,100.56639605718043,28.341847213970897
1.8877606391906738,616,849,3578,366.20001220703125,102.54268968224338,34.63005420280755
5.874698638916016,749,967.5999755859375,3326,655.29998779296875,102.18336356859557,30.767298481093604
5.44715690612793,961,1425.5,3488,618.0999755859375,98.41043937529358,27.98252110032309
-1.6704716682434082,587,993.5999755859375,3941,337.79998779296875,101.1952167560641,35.07921184486731
1.041860818862915,782,1163.0999755859375,3849,390.70001220703125,102.45285815383143,32.294434464096796
0.8417317867279053,824,976.0999755859375,3839,388.6000061035156,101.1952167560641,32.20460293568484
4.208795070648193,580,235.3000030517578,3588,372.5,98.85959701735334,29.150330969678468
2.429699659347534,732,837.79998779296875,3504,644.0999755859375,101.55454286971191,31.036793066329466
8.651525497436523,615,665.29998779296875,3290,963.20001220703125,99.48841771623701,27.353700401439426
13.33117389678955,1529,974.5,2350,772.5999755859375,97.0629664491143,28.43167874238285
9.87641716003418,1001,1436.800048828125,2773,504.29998779296875,95.26633588087526,29.419825554914325
3.3648202419281006,760,643.79998779296875,3870,399.79998779296875,100.56639605718043,31.575782236801174
5.678955078125,805,570.5999755859375,3720,476.3999938964844,100.92572217082824,29.329994026502373
1.5863792896270752,694,435.8999938964844,4321,337.70001220703125,98.23077631846968,30.228309310621896
2.7113654613494873,720,730.29998779296875,3456,399.20001220703125,102.90201579589119,33.37241280504022
19.80423927307129,1723,1861.300048828125,773,1246.5,94.63751518199159,28.43167874238285
20.781932830810547,1614,1967.199951171875,636,1270.699951171875,94.90700976722745,28.252015685558945
7.316980361938477,817,410.8999938964844,2565,738.5999755859375,94.9968412956394,30.04864625379799
10.799509048461914,634,602.79998779296875,2748,1050.9000244140625,99.3087546594131,27.26386887302747
3.3964056968688965,710,648,3846,534.4000244140625,101.82403745494776,30.767298481093604
3.24596905708313,687,542.5,4160,404.6000061035156,98.85959701735334,30.228309310621896
8.9756498336792,913,1069.699951171875,2694,559.5999755859375,97.15279797752625,28.611341799206755
12.132554054260254,1333,1198.4000244140625,2806,1143.300048828125,96.70364033546649,28.162184157146996
3.9514753818511963,766,827.5,3905,404.70001220703125,101.46471134129996,30.407972367445797
0.5173013806343079,806,932,3706,355,101.82403745494776,33.192749748216315
13.059859275817871,1310,1146.4000244140625,1964,940.5999755859375,96.61380880705454,28.341847213970897
13.003674507141113,958,1084.4000244140625,2732,1060.4000244140625,92.57139002851669,27.53336345826333
2.0845086574554443,636,652.4000244140625,3280,495.20001220703125,103.08167885271509,34.001233503923885
0.7100427150726318,668,1028.5999755859375,3569,377.8999938964844,101.91386898335972,34.5402226743956
2.1037814617156982,776,1382.5,3552,525,103.71049955159876,33.282581276628264
